ID,Brand,ATR 1,ATR 2,ATR 3,ATR 4,ATR 5,ATR 6,ATR 7,ATR 8,ATR 9,ATR 10,ATR 11,ATR 12,ATR 13,ATR 14,ATR 15,ATR 16,ATR 17,ATR 18,ATR 19,ATR 20,ATR 21
1,1,0,0,1,1,1,0,1,1,1,0,1,0,1,0,0,1,1,0,1,1,0
1,2,1,1,0,0,0,1,0,0,0,1,1,0,0,1,1,1,0,0,1,0,1
1,3,0,1,1,1,1,1,0,0,0,1,0,1,1,0,0,0,1,0,1,0,0
1,4,1,1,1,0,1,1,0,0,1,1,0,0,0,1,0,0,1,0,0,1,0
1,5,1,0,0,0,1,1,0,1,0,1,1,0,0,0,0,0,0,0,1,1,0
1,6,0,1,1,0,1,0,1,1,0,1,1,0,1,0,0,0,1,0,1,0,0
1,7,0,1,0,1,1,1,0,1,0,0,0,0,0,1,0,0,1,1,0,1,1
1,8,0,0,0,1,0,1,0,1,0,1,1,1,1,0,0,1,1,1,0,1,1
1,9,1,1,1,1,0,1,0,0,0,0,0,0,1,1,0,0,0,0,0,0,0
1,10,0,0,1,1,1,0,1,0,1,0,1,0,0,0,1,1,1,0,1,0,1
2,1,0,0,0,0,1,1,1,1,1,0,0,0,0,0,0,1,1,1,1,1,1
2,2,1,1,1,1,0,0,0,1,1,1,0,0,1,0,1,1,0,1,0,1,1
2,3,0,1,1,1,0,1,1,1,1,1,0,1,1,0,0,1,1,1,1,1,0
2,4,1,1,0,1,1,1,0,1,0,0,1,1,0,1,0,1,1,1,0,0,1
2,5,1,0,0,0,0,1,1,0,1,0,1,0,1,0,1,1,1,0,1,1,0
2,6,1,1,0,0,1,1,0,1,1,0,1,0,0,1,0,1,0,0,0,1,1
2,7,1,1,0,0,1,1,0,1,0,1,1,1,1,1,0,0,0,0,1,0,1
2,8,1,1,1,1,1,1,0,1,1,1,0,0,1,0,1,1,0,1,1,0,1
2,9,0,1,0,0,0,1,1,0,0,0,1,1,0,1,1,0,0,1,0,1,1
2,10,1,0,1,0,0,1,1,1,0,0,1,0,1,1,0,1,0,1,1,0,0
3,1,1,1,1,0,1,1,0,0,1,1,0,0,1,0,1,0,0,1,1,1,1
3,2,0,0,1,0,1,1,0,1,0,1,0,0,0,0,0,1,0,0,1,1,1
3,3,1,0,1,0,1,1,1,1,1,1,0,1,0,0,1,0,0,1,0,1,1
3,4,0,0,0,1,1,1,1,1,1,0,1,1,1,0,1,0,0,1,1,1,0
3,5,1,0,1,1,1,1,0,1,1,0,0,1,1,0,1,0,0,1,1,1,0
3,6,0,0,0,1,0,1,1,1,1,0,1,0,0,0,0,1,0,0,1,1,0
3,7,1,0,0,0,1,0,1,1,1,1,0,0,0,0,1,0,0,0,1,0,1
3,8,1,0,1,1,1,1,0,1,0,0,1,0,0,1,0,1,1,0,1,0,0
3,9,0,1,1,1,1,0,0,0,1,0,1,0,0,1,1,1,0,1,0,0,1
3,10,1,0,0,0,1,0,0,1,0,0,1,1,1,1,1,0,0,1,0,0,0
4,1,0,0,1,1,0,0,1,0,1,0,1,1,0,1,0,1,0,0,0,1,1
4,2,1,1,0,0,0,0,1,0,0,0,1,0,0,1,1,0,1,1,1,0,0
4,3,1,0,1,1,1,1,0,0,0,0,1,0,0,0,1,1,1,1,0,1,0
4,4,0,0,1,1,1,1,1,1,0,0,1,1,0,1,1,1,0,0,1,1,1
4,5,1,0,1,0,0,1,0,1,0,1,0,0,1,0,1,0,0,0,1,1,1
4,6,1,0,0,0,1,0,1,1,1,0,1,1,0,0,1,0,1,1,1,0,0
4,7,1,1,0,0,0,1,0,0,1,0,1,0,0,0,1,0,0,1,1,0,0
4,8,0,1,1,1,1,0,1,1,1,1,0,0,0,1,0,1,1,1,1,1,0
4,9,1,1,0,1,0,0,1,1,1,0,0,0,1,1,1,1,0,1,1,0,0
4,10,1,0,0,0,1,0,0,1,0,0,0,1,1,1,0,0,0,0,0,0,0
5,1,1,1,1,0,0,1,0,0,1,0,0,1,1,1,1,0,0,1,0,0,1
5,2,0,0,0,0,1,0,1,1,0,1,0,0,1,1,0,1,1,1,0,1,0
5,3,1,0,1,0,1,0,1,1,0,0,0,1,0,1,0,0,0,1,0,0,0
5,4,1,1,1,0,1,1,0,0,0,0,1,1,1,1,0,0,0,1,1,1,0
5,5,0,1,1,0,0,1,1,1,0,1,0,1,1,0,1,1,0,0,0,0,1
5,6,0,0,0,0,1,1,1,0,0,0,1,0,0,0,0,0,1,1,1,0,1
5,7,1,1,0,0,1,1,0,0,0,1,1,1,0,1,0,0,0,1,1,0,0
5,8,1,1,1,0,1,1,0,1,0,1,0,1,1,1,1,1,0,0,1,0,0
5,9,1,0,0,1,1,1,0,1,1,1,1,0,0,0,0,1,1,0,1,0,0
5,10,0,0,1,1,0,1,0,1,0,1,1,0,0,1,0,0,1,0,1,1,0
6,1,0,1,0,0,1,1,0,0,1,1,1,0,0,1,0,0,0,0,1,0,0
6,2,0,0,1,0,0,0,0,1,0,0,1,1,1,1,0,0,0,0,1,1,0
6,3,0,0,0,1,0,1,0,0,0,1,1,0,1,1,1,1,0,1,1,0,1
6,4,1,1,0,1,0,0,0,1,1,0,0,1,1,0,0,1,0,0,1,0,0
6,5,1,0,0,1,0,1,0,1,0,0,0,1,1,1,0,0,1,1,1,1,0
6,6,0,1,1,0,1,1,1,1,1,0,1,0,1,0,0,1,0,0,1,0,0
6,7,1,1,0,0,0,1,0,1,0,1,0,0,0,1,0,0,0,0,0,0,1
6,8,1,1,1,1,1,0,1,0,0,1,1,1,1,1,0,0,0,1,0,0,0
6,9,1,1,0,1,1,1,0,1,0,1,1,0,1,0,1,1,0,1,0,1,0
6,10,0,1,1,1,0,0,1,1,1,1,1,0,0,0,0,0,0,0,1,0,0
7,1,1,1,0,1,0,0,0,1,0,1,1,1,0,0,1,0,0,1,0,1,1
7,2,0,1,0,1,1,1,1,0,0,0,0,0,0,1,0,0,1,0,0,0,1
7,3,1,0,0,0,1,0,0,0,0,1,1,1,0,0,0,0,0,0,0,0,1
7,4,0,0,0,0,1,1,0,0,0,1,0,1,1,1,0,1,0,1,1,0,1
7,5,1,0,1,0,0,0,1,1,0,0,0,0,0,1,1,1,0,1,0,1,0
7,6,1,1,1,0,1,1,1,1,1,0,1,0,1,0,1,1,1,0,1,1,0
7,7,0,0,0,0,0,1,1,1,0,0,1,1,1,1,1,1,1,0,1,1,1
7,8,1,1,0,0,0,0,1,1,1,1,1,0,0,0,1,0,0,1,0,1,1
7,9,0,1,0,1,0,1,1,1,0,1,1,0,1,1,1,1,0,0,1,1,0
7,10,0,1,1,0,1,1,1,0,1,0,1,0,0,1,0,0,0,1,0,1,1
8,1,0,1,1,0,0,1,1,1,1,1,1,1,1,0,0,1,1,0,1,1,0
8,2,1,0,0,1,1,1,0,1,0,0,1,1,0,0,0,1,0,0,1,1,0
8,3,1,1,0,0,1,1,0,0,1,1,1,1,0,0,1,1,1,1,1,0,1
8,4,1,1,0,0,0,1,1,1,0,1,1,1,0,0,1,1,0,1,1,0,1
8,5,0,1,1,1,0,1,0,0,0,1,1,1,1,0,1,1,1,0,1,1,1
8,6,1,0,1,0,1,1,1,1,0,1,0,1,1,0,0,0,0,1,1,0,1
8,7,1,1,1,0,1,1,1,1,1,1,0,0,0,1,1,1,1,1,0,0,1
8,8,1,1,1,1,0,0,1,0,1,0,0,0,0,0,1,0,1,1,0,0,1
8,9,1,1,0,0,0,0,0,0,1,1,1,1,1,1,1,0,0,0,1,1,0
8,10,0,1,1,0,1,0,0,0,0,0,1,0,0,1,0,1,1,0,1,0,0
9,1,0,0,0,1,1,0,0,1,0,0,0,0,0,0,0,0,0,0,1,0,0
9,2,1,1,0,0,1,0,0,0,1,1,1,1,0,0,0,1,1,1,0,0,0
9,3,0,0,0,1,0,0,1,1,1,1,1,0,0,0,0,1,0,1,1,1,0
9,4,0,0,0,0,0,0,0,1,1,1,1,1,1,1,1,0,1,0,1,0,1
9,5,0,1,0,1,1,0,1,0,1,1,0,0,0,1,0,1,0,1,0,0,1
9,6,0,0,0,1,0,0,1,1,1,1,1,0,1,1,0,1,0,1,0,1,1
9,7,0,1,0,1,1,1,0,1,1,0,1,1,1,1,0,0,0,0,0,0,0
9,8,0,0,1,0,0,1,1,0,1,1,1,1,0,1,1,1,0,0,0,1,0
9,9,0,1,1,0,1,1,0,1,1,1,1,0,1,0,0,0,1,1,0,1,1
9,10,1,1,1,0,1,0,1,0,0,1,0,1,1,0,0,1,1,1,1,0,1
10,1,1,0,1,1,1,1,1,0,1,0,0,1,1,1,0,0,0,1,0,0,0
10,2,0,0,1,1,1,0,1,0,1,0,1,0,1,1,1,0,0,0,0,1,0
10,3,0,0,0,0,1,1,1,1,0,0,0,0,0,1,0,1,0,1,0,1,1
10,4,0,1,1,1,1,0,0,1,0,0,1,0,0,0,1,0,0,0,1,0,1
10,5,0,0,1,0,1,1,1,1,1,1,0,0,0,1,0,1,0,1,1,0,1
10,6,1,0,1,0,1,1,1,0,0,0,0,1,0,1,0,1,0,1,1,0,1
10,7,0,1,0,1,0,0,1,1,1,1,1,1,0,1,1,1,0,1,1,0,0
10,8,0,0,0,1,1,0,1,0,1,0,1,1,0,1,0,1,1,0,1,1,0
10,9,0,0,0,1,1,1,1,1,1,1,1,1,1,0,1,1,1,0,0,0,0
10,10,0,0,0,1,0,1,0,0,0,0,1,0,0,1,1,1,0,0,0,0,1
11,1,0,0,0,0,0,0,0,1,0,1,0,0,1,0,1,0,0,0,1,1,1
11,2,0,1,1,0,1,1,1,1,0,0,0,1,1,1,0,1,1,0,0,0,1
11,3,1,0,1,0,0,0,0,1,1,0,1,1,0,1,0,1,1,1,1,1,1
11,4,1,1,0,1,0,1,1,1,0,0,0,0,0,1,0,0,0,1,0,1,0
11,5,0,0,1,1,1,1,0,0,0,1,0,1,0,1,0,1,1,1,1,1,0
11,6,0,1,1,0,0,0,0,1,1,1,0,1,1,0,1,1,0,0,1,0,1
11,7,0,1,0,0,1,0,1,0,1,0,1,1,1,1,1,1,0,1,0,1,0
11,8,0,0,1,0,1,0,0,0,1,0,0,0,1,0,1,1,0,1,0,0,1
11,9,0,1,0,1,0,1,0,1,1,0,0,1,1,1,1,0,1,1,0,0,1
11,10,1,1,0,0,1,1,1,1,1,1,0,1,0,1,1,1,1,0,0,0,0
12,1,0,1,1,1,1,0,0,1,0,1,1,0,1,1,1,1,1,0,0,0,0
12,2,0,0,1,0,1,1,0,1,0,0,1,0,1,0,0,0,1,1,0,1,0
12,3,0,0,0,0,1,1,0,1,1,0,0,1,1,1,1,0,0,1,1,0,0
12,4,1,1,1,0,1,0,0,1,1,1,0,1,1,1,1,0,1,1,1,0,0
12,5,1,1,1,1,1,1,0,0,0,1,1,0,0,0,0,0,1,0,0,0,0
12,6,0,1,1,1,1,0,0,1,0,0,1,1,1,0,0,0,1,0,0,1,0
12,7,1,0,1,0,0,0,0,1,0,0,0,0,1,0,0,1,0,0,0,0,0
12,8,1,1,0,1,0,0,1,1,0,0,1,0,0,0,1,0,0,0,1,0,1
12,9,1,1,0,1,1,1,1,0,0,0,0,1,0,1,1,0,0,0,1,0,1
12,10,0,0,1,1,1,1,1,0,1,0,1,0,0,1,0,0,1,1,0,0,1
13,1,1,1,0,1,0,1,1,0,0,0,0,0,1,1,1,1,0,0,0,1,0
13,2,1,1,0,1,0,1,1,1,0,1,1,1,0,0,0,1,1,1,0,0,1
13,3,1,0,0,1,0,1,0,0,0,1,1,1,1,1,1,0,1,0,1,0,1
13,4,0,0,1,1,1,0,0,1,0,0,0,0,1,0,1,0,1,1,0,0,0
13,5,0,0,1,1,1,1,0,1,0,0,1,0,1,1,1,1,1,0,1,1,0
13,6,0,1,1,0,0,0,1,1,0,1,0,1,0,1,1,0,0,0,1,1,0
13,7,0,0,0,1,1,1,0,0,0,0,1,0,0,0,1,0,0,1,0,1,1
13,8,1,1,0,0,1,0,0,0,1,1,0,0,0,0,1,1,1,1,1,1,0
13,9,0,0,0,0,1,1,0,0,1,1,0,0,1,0,0,1,0,1,0,0,0
13,10,0,0,0,0,0,0,0,1,0,0,1,1,1,1,0,1,0,0,0,0,0
14,1,0,1,1,1,1,1,0,1,1,1,0,0,1,0,0,1,1,1,1,0,0
14,2,1,1,0,1,1,1,0,0,1,0,1,0,0,1,1,0,0,0,1,1,0
14,3,0,0,1,1,0,0,1,1,1,1,1,0,0,1,1,0,0,0,1,0,1
14,4,1,1,0,1,1,0,0,0,0,0,0,0,0,0,1,1,1,1,0,0,1
14,5,1,0,0,1,0,0,1,0,1,1,1,0,1,0,0,0,0,0,0,0,0
14,6,0,1,1,0,0,1,1,1,1,0,1,0,0,0,1,0,0,1,1,0,0
14,7,1,0,0,0,0,1,1,0,0,1,1,0,0,0,0,0,1,1,1,1,0
14,8,0,0,0,1,1,0,1,0,0,0,1,1,0,0,1,0,1,1,1,1,0
14,9,0,1,1,0,1,1,1,1,1,1,0,1,1,1,0,0,1,1,0,1,1
14,10,0,1,0,1,0,1,0,1,0,1,1,1,1,1,1,1,1,0,0,0,1
15,1,0,1,0,1,0,0,0,0,1,0,0,0,0,1,1,1,0,1,0,1,0
15,2,0,1,0,1,0,1,0,1,0,1,1,0,0,0,1,0,0,0,0,1,0
15,3,1,0,1,0,1,1,1,0,1,1,1,0,0,0,1,0,1,0,1,1,1
15,4,1,0,0,1,0,1,1,1,0,1,0,1,0,0,1,1,0,0,1,1,1
15,5,1,0,1,0,1,0,0,0,1,1,1,1,0,1,0,1,1,0,1,0,0
15,6,1,1,1,1,1,1,1,1,1,1,0,0,1,0,1,0,1,0,0,0,1
15,7,1,0,0,1,1,1,0,0,0,1,0,1,0,1,1,1,0,1,1,0,1
15,8,0,1,1,1,1,1,0,0,0,0,1,1,1,0,0,0,0,0,1,0,1
15,9,0,0,1,0,0,1,0,1,0,0,1,1,1,0,0,0,1,1,1,1,0
15,10,1,1,0,0,0,1,0,0,0,0,1,0,0,0,0,0,0,1,1,0,0
16,1,1,0,0,0,1,0,1,0,1,0,0,0,0,0,1,0,0,0,0,1,1
16,2,1,1,1,0,0,1,0,0,0,1,1,0,0,0,1,1,1,1,1,0,1
16,3,1,1,1,1,1,0,0,0,0,0,1,0,0,1,1,0,0,0,1,0,1
16,4,0,0,1,0,1,1,0,1,1,1,0,0,0,0,0,0,0,1,0,0,0
16,5,1,0,0,1,0,1,1,1,0,0,0,1,0,1,1,0,0,1,0,1,0
16,6,0,0,0,0,1,1,1,1,0,0,0,1,1,0,0,1,0,1,1,0,1
16,7,0,1,1,1,0,0,0,0,1,1,0,0,0,0,1,1,0,0,1,1,0
16,8,0,0,0,0,0,1,0,0,1,1,0,1,1,0,0,0,0,0,1,1,0
16,9,0,1,0,0,0,0,1,1,1,1,1,1,0,0,0,0,0,1,1,0,1
16,10,1,0,1,0,0,1,0,1,1,0,1,1,1,1,1,0,1,0,1,1,1
17,1,0,0,0,1,0,0,0,0,0,1,1,1,1,0,1,0,0,0,0,0,1
17,2,0,1,0,1,0,1,1,0,1,0,0,1,1,0,1,1,0,1,0,1,0
17,3,1,0,0,1,0,0,1,1,1,0,1,1,1,1,0,1,0,0,0,0,1
17,4,1,1,1,1,1,1,1,0,1,0,1,1,0,1,0,0,1,1,1,1,1
17,5,1,0,1,0,1,1,0,1,0,1,1,0,1,0,0,1,1,0,1,0,0
17,6,1,1,0,1,1,1,0,0,1,1,1,0,1,1,0,1,0,0,1,0,1
17,7,1,1,1,0,0,0,0,1,1,0,0,1,0,1,1,1,0,0,0,1,0
17,8,1,0,0,0,1,1,1,0,1,0,0,1,0,1,1,0,0,1,0,0,1
17,9,1,1,0,0,0,0,0,1,1,0,1,1,1,0,0,0,1,0,1,0,0
17,10,0,1,1,0,0,1,1,0,0,0,0,1,1,0,0,0,1,1,1,1,0
18,1,1,0,0,0,1,1,0,0,0,1,1,0,1,0,0,0,1,0,0,1,1
18,2,0,1,0,0,0,0,1,1,0,0,1,1,0,1,0,0,1,0,1,1,0
18,3,1,1,1,0,0,0,0,0,1,0,1,1,0,1,0,1,1,1,0,1,0
18,4,1,1,0,1,0,1,1,1,1,1,0,0,1,0,1,1,0,1,1,0,0
18,5,0,0,0,1,1,1,0,0,1,1,1,0,1,1,0,0,1,0,1,0,1
18,6,1,1,0,1,0,1,1,1,1,1,1,1,1,0,0,1,0,0,1,1,1
18,7,1,0,1,0,1,1,0,0,1,0,1,0,1,1,0,0,1,1,0,0,0
18,8,0,1,0,1,1,0,1,1,1,1,0,1,0,0,0,0,0,0,0,1,1
18,9,0,0,0,0,1,1,0,1,0,1,1,0,1,1,1,1,0,1,1,0,0
18,10,0,1,0,1,1,1,1,1,1,1,0,0,0,1,1,1,1,1,0,1,0
19,1,1,0,1,1,0,1,0,0,0,1,1,0,1,1,1,1,1,1,1,1,1
19,2,1,1,1,1,0,1,1,1,0,0,1,0,0,1,0,1,1,0,1,0,0
19,3,0,0,0,1,0,1,1,1,0,0,0,0,0,0,1,1,1,1,0,0,0
19,4,1,1,1,1,0,0,1,0,1,1,1,0,0,1,0,1,0,1,1,0,0
19,5,0,1,1,0,0,1,0,1,1,1,1,0,1,1,0,0,0,0,0,0,1
19,6,1,0,1,0,1,0,1,0,1,0,1,1,0,1,0,1,1,1,0,1,1
19,7,1,0,0,0,1,1,1,0,1,0,1,1,0,1,1,0,1,1,1,1,0
19,8,0,1,1,1,1,1,0,0,1,0,0,1,0,0,1,0,0,0,0,0,0
19,9,0,0,1,1,0,0,1,1,1,0,1,0,0,1,1,1,1,1,1,0,0
19,10,1,1,1,0,0,1,1,0,0,0,1,0,1,0,1,0,1,1,0,1,1
20,1,0,0,1,1,1,1,0,0,0,1,1,0,1,0,0,1,1,0,0,0,1
20,2,1,1,0,1,0,1,0,0,0,0,1,1,0,1,0,1,0,0,1,0,0
20,3,0,0,1,1,0,1,1,1,0,0,0,1,0,1,1,0,0,1,1,1,0
20,4,0,1,1,1,0,1,0,0,0,0,0,0,1,1,0,0,0,1,1,0,1
20,5,0,1,1,1,1,1,1,1,0,1,1,1,1,1,1,1,0,1,1,0,1
20,6,0,0,0,0,1,0,1,1,1,0,0,0,0,0,1,0,1,1,0,0,1
20,7,0,1,1,0,0,0,1,0,1,0,0,1,1,1,1,0,1,0,0,0,1
20,8,1,0,0,0,1,0,0,1,1,1,1,1,1,0,1,1,1,1,1,1,0
20,9,1,1,0,1,1,1,1,0,0,1,0,0,0,1,1,1,0,0,0,0,0
20,10,1,1,0,0,0,0,1,1,0,1,0,0,1,0,0,1,0,1,0,1,0
21,1,0,1,0,0,1,1,1,1,1,1,0,1,1,1,0,0,1,1,0,1,0
21,2,1,0,0,0,0,1,1,1,0,0,1,0,1,1,0,1,0,0,0,1,1
21,3,0,1,0,1,1,0,0,1,1,0,1,0,1,0,1,1,1,1,0,0,1
21,4,0,0,0,0,0,1,0,1,1,0,1,0,1,1,1,1,0,1,0,0,0
21,5,0,1,0,1,1,1,0,0,0,0,0,1,1,0,0,0,0,1,1,1,0
21,6,1,1,0,1,0,0,1,1,0,0,0,1,0,1,0,1,1,0,1,0,0
21,7,1,0,0,1,0,1,1,1,0,1,0,1,1,1,0,1,0,0,1,1,1
21,8,1,1,1,1,0,1,0,0,0,1,0,1,0,0,0,0,0,1,0,1,1
21,9,0,0,0,0,0,1,1,0,0,1,0,1,0,0,1,1,0,0,1,1,1
21,10,0,1,0,1,1,0,1,0,1,0,1,1,1,1,0,1,1,1,1,0,0
22,1,1,1,0,0,0,0,0,0,0,1,0,1,1,1,0,0,1,1,1,0,1
22,2,0,0,0,0,0,1,0,1,0,1,0,0,1,0,1,1,1,0,1,0,0
22,3,1,0,0,0,0,1,0,0,0,1,0,1,0,1,0,0,1,0,0,1,1
22,4,0,1,1,0,0,0,0,1,0,1,1,0,0,0,1,0,0,1,1,0,1
22,5,1,1,0,1,0,0,0,1,1,0,0,0,0,0,1,1,1,1,0,1,1
22,6,1,0,0,0,0,0,0,0,1,0,0,1,0,0,0,0,0,0,0,1,1
22,7,0,0,0,0,0,1,1,1,0,1,0,0,0,1,1,1,1,0,1,0,0
22,8,1,0,0,0,1,1,0,0,0,0,1,0,1,0,1,0,1,0,0,0,0
22,9,1,0,0,1,0,1,1,1,1,1,1,1,0,1,0,1,0,1,0,1,0
22,10,0,1,0,1,1,0,0,1,1,0,1,0,1,1,1,1,0,0,0,1,1
23,1,0,1,1,0,0,0,0,1,1,1,1,1,1,1,0,1,0,1,1,0,1
23,2,1,0,1,1,1,0,1,0,0,0,1,0,0,1,0,1,0,1,0,0,0
23,3,0,1,1,1,0,0,0,1,1,0,0,1,1,0,0,0,0,1,0,0,1
23,4,0,1,1,0,0,0,1,0,1,1,1,1,1,0,0,1,1,1,0,1,0
23,5,0,1,1,1,1,0,1,0,0,0,0,1,0,0,1,1,1,1,1,1,1
23,6,1,1,1,0,0,1,1,1,1,1,1,0,0,1,0,1,1,0,1,1,0
23,7,0,0,1,0,1,0,0,0,1,1,0,0,0,0,1,0,1,0,0,0,0
23,8,1,1,1,1,1,1,0,1,1,1,1,1,1,1,1,1,1,0,0,1,0
23,9,0,1,0,1,1,1,1,0,1,1,0,1,0,0,0,1,0,0,0,1,1
23,10,0,0,1,0,1,0,1,0,1,0,1,1,1,0,1,0,0,0,0,0,1
24,1,0,0,0,0,0,0,1,1,1,0,0,0,0,0,1,0,0,0,1,1,0
24,2,1,1,0,0,1,1,1,1,1,1,1,0,1,0,0,1,0,1,0,1,0
24,3,0,0,1,0,1,0,1,1,0,0,0,0,0,1,1,1,1,1,0,0,0
24,4,0,0,0,1,0,0,0,1,0,0,1,0,1,1,0,0,1,0,0,1,1
24,5,1,1,0,1,1,0,1,0,1,1,0,0,1,1,0,1,0,1,0,1,1
24,6,1,0,1,1,1,1,1,0,1,1,0,0,1,1,1,0,1,1,1,1,0
24,7,0,1,1,0,0,1,1,1,0,1,1,1,1,0,1,0,1,1,1,1,0
24,8,1,0,1,1,0,0,0,0,1,1,0,1,0,1,1,0,1,1,0,1,1
24,9,1,0,1,0,0,0,0,0,0,0,0,0,1,1,0,0,0,0,0,1,0
24,10,1,0,0,0,0,0,1,1,0,1,1,1,1,1,0,1,0,0,0,0,0
25,1,0,1,1,1,1,0,0,0,1,0,1,1,0,0,0,0,0,1,0,0,1
25,2,1,0,1,0,1,0,0,1,1,0,0,1,0,1,1,1,0,0,0,0,0
25,3,0,1,1,1,1,0,1,0,0,0,1,1,0,1,1,0,1,0,1,1,1
25,4,1,1,0,0,1,1,1,1,1,0,0,0,0,1,1,1,1,1,0,1,0
25,5,0,1,0,0,1,1,0,1,0,0,1,0,1,1,0,0,1,1,1,0,1
25,6,1,0,1,1,0,1,1,1,1,0,1,0,1,1,0,1,1,0,1,0,1
25,7,1,1,0,0,0,0,1,0,1,1,0,0,1,0,0,0,0,0,1,1,1
25,8,0,0,0,0,1,0,1,1,1,0,0,1,0,1,1,0,0,1,1,1,0
25,9,0,0,1,0,0,1,0,1,1,0,1,1,0,0,0,0,0,1,0,1,1
25,10,1,0,0,0,0,1,1,1,0,1,0,0,1,1,1,0,0,1,0,1,0
26,1,1,0,1,1,1,0,1,1,1,1,1,1,0,1,1,0,1,1,0,0,1
26,2,1,0,0,0,1,0,0,0,1,1,0,0,0,0,1,0,1,0,0,1,0
26,3,0,0,1,0,1,0,0,0,1,0,1,1,0,1,0,1,1,1,1,0,0
26,4,1,1,1,1,1,1,1,1,0,0,1,1,1,1,0,1,1,1,0,0,1
26,5,0,0,0,1,1,1,1,1,1,1,1,0,0,1,0,1,0,0,1,1,0
26,6,1,0,1,1,0,0,1,0,0,1,1,0,0,0,1,0,0,1,1,0,1
26,7,0,1,1,0,0,1,1,1,0,0,1,0,1,1,1,1,1,0,1,1,1
26,8,0,0,1,1,1,1,0,0,0,1,0,0,0,1,1,0,0,0,1,1,0
26,9,1,1,0,1,1,0,1,1,0,1,0,1,1,1,1,0,1,0,1,1,0
26,10,1,1,1,0,0,0,1,1,1,1,1,1,1,1,1,1,1,0,1,1,1
27,1,0,0,0,0,0,0,1,0,0,0,0,0,0,1,0,1,0,1,1,1,1
27,2,1,1,0,1,1,0,0,0,1,1,1,1,1,0,1,0,1,0,0,0,1
27,3,0,0,0,1,1,0,1,0,1,0,0,0,1,0,0,1,1,0,1,0,1
27,4,1,0,0,0,1,1,1,1,1,1,1,1,1,1,0,0,1,0,0,0,0
27,5,1,0,1,1,1,0,1,0,1,0,1,1,0,0,1,1,0,0,1,0,1
27,6,0,1,1,1,1,0,1,1,0,0,1,0,0,0,0,1,0,1,1,0,0
27,7,1,1,1,0,0,1,1,1,1,1,0,1,1,0,1,1,1,0,0,0,1
27,8,0,0,1,1,1,1,1,0,0,0,1,0,1,1,1,0,0,0,0,1,0
27,9,0,0,1,0,0,0,1,0,0,0,1,1,1,1,0,1,1,0,0,0,0
27,10,0,1,0,0,1,0,0,1,1,1,0,1,1,1,0,0,1,1,0,1,1
28,1,0,0,0,1,0,0,0,1,1,1,1,1,1,1,1,0,0,0,0,1,1
28,2,1,0,0,0,1,0,1,1,0,0,0,1,1,1,1,1,1,0,0,0,1
28,3,0,1,0,1,1,1,0,0,0,1,1,0,0,1,0,1,0,1,1,0,1
28,4,0,0,0,1,0,1,0,0,1,0,0,0,1,0,1,1,1,1,1,0,0
28,5,1,0,1,1,1,0,1,0,1,0,0,0,1,1,0,0,1,0,1,1,0
28,6,0,1,1,0,0,0,1,1,0,0,0,1,1,0,0,1,1,1,1,0,1
28,7,1,0,1,1,1,0,0,0,1,1,0,0,1,0,0,1,1,1,0,0,1
28,8,0,0,1,1,0,1,1,0,0,0,0,1,0,1,0,1,0,0,1,1,0
28,9,0,0,0,1,0,0,1,0,0,0,1,0,1,1,0,1,0,1,1,0,0
28,10,1,0,1,0,1,1,1,1,1,0,1,1,1,1,0,1,1,1,1,0,1
29,1,1,1,1,1,0,0,1,1,0,0,0,0,0,1,0,1,0,0,1,1,1
29,2,0,0,0,0,0,1,0,0,0,1,0,1,0,1,1,1,1,0,1,1,1
29,3,0,0,1,0,0,0,0,1,1,0,1,1,0,1,1,0,0,1,1,0,0
29,4,0,1,0,0,0,0,1,0,1,1,0,0,0,0,1,1,1,1,0,1,1
29,5,1,0,0,0,1,0,1,1,0,0,1,0,1,1,1,1,0,1,1,0,1
29,6,0,0,0,0,1,1,1,0,1,0,0,1,1,1,0,1,1,0,0,1,0
29,7,1,1,0,1,1,0,1,1,0,1,1,0,0,1,0,0,1,0,0,0,1
29,8,1,0,0,1,1,1,1,0,0,1,0,0,1,0,0,0,1,0,1,1,0
29,9,1,0,0,0,0,1,0,1,0,0,0,1,0,1,0,0,0,0,1,1,0
29,10,1,1,1,1,0,1,1,0,1,0,0,1,0,0,0,1,1,0,1,1,0
30,1,1,0,0,0,1,0,1,0,1,1,1,1,0,0,1,1,1,1,0,1,1
30,2,0,1,0,1,1,1,0,1,0,1,1,1,0,0,0,1,0,0,0,1,1
30,3,1,0,1,1,0,1,0,0,0,0,0,1,0,1,0,1,1,1,0,1,1
30,4,0,0,0,0,1,1,0,1,1,1,0,0,1,1,0,0,0,0,0,0,0
30,5,1,1,1,0,1,0,1,1,0,0,1,0,0,0,1,1,0,0,1,1,0
30,6,0,0,0,0,1,0,1,1,0,0,0,1,1,0,1,1,1,0,1,0,1
30,7,1,1,1,0,1,1,0,0,0,0,0,0,0,1,0,0,1,0,0,1,1
30,8,0,0,0,0,0,1,1,0,0,1,0,1,0,1,0,0,0,1,1,0,1
30,9,0,0,0,1,1,0,1,1,0,0,0,0,0,1,0,1,1,1,1,1,0
30,10,0,1,1,1,1,1,0,0,0,1,0,0,1,0,1,1,0,1,1,1,1
31,1,1,0,0,1,1,1,0,0,1,0,1,1,1,1,0,0,0,0,0,0,0
31,2,0,1,0,1,1,0,0,1,0,1,1,1,1,0,1,1,1,1,1,1,1
31,3,1,0,0,1,1,0,1,0,1,1,1,1,0,1,1,1,1,0,1,0,0
31,4,1,0,1,1,1,0,1,1,1,0,1,0,0,1,0,0,1,0,1,1,0
31,5,1,0,1,1,1,1,1,1,0,1,0,1,0,1,0,1,0,0,0,1,0
31,6,0,1,1,1,0,1,0,0,0,0,0,0,0,1,1,0,1,0,1,0,1
31,7,1,0,1,1,1,1,1,0,0,0,0,1,1,0,0,0,1,0,0,0,0
31,8,1,1,1,1,1,1,0,0,1,0,0,0,1,1,1,0,1,1,1,0,0
31,9,1,0,0,1,0,0,0,1,1,1,1,0,0,0,1,0,1,0,0,0,1
31,10,0,1,0,0,0,0,0,0,0,0,1,0,1,0,0,1,1,0,1,0,1
32,1,1,1,1,1,1,0,0,1,0,0,1,0,1,0,0,0,1,1,1,0,1
32,2,0,1,1,0,1,0,0,1,0,1,1,1,1,1,1,1,1,0,1,1,1
32,3,1,0,0,1,1,1,0,1,1,1,1,0,1,0,0,1,1,1,1,1,0
32,4,1,0,1,0,0,0,0,0,0,1,1,0,1,1,0,0,0,1,0,0,1
32,5,1,1,0,0,0,0,0,0,1,0,1,1,0,1,0,0,1,1,0,1,1
32,6,1,1,1,0,1,1,1,0,1,0,1,1,1,1,0,1,0,0,0,0,1
32,7,1,0,1,1,0,1,0,0,1,0,0,1,1,0,0,1,0,1,1,1,1
32,8,0,1,1,0,0,1,1,0,0,1,1,1,1,0,1,1,1,1,0,1,1
32,9,0,1,1,1,0,0,1,1,1,0,0,1,1,0,0,1,0,1,1,1,1
32,10,0,0,0,0,1,1,1,1,0,1,1,1,1,1,0,1,0,0,1,0,1
33,1,0,1,1,0,0,0,0,0,1,1,0,1,0,1,1,0,1,1,1,1,0
33,2,0,0,1,1,1,1,1,1,0,1,0,1,0,0,1,1,1,1,1,1,1
33,3,1,1,0,0,0,1,0,0,1,1,0,1,0,0,0,0,0,0,0,0,0
33,4,1,0,1,1,0,1,0,1,1,0,1,0,0,0,0,1,0,1,1,1,0
33,5,0,1,0,0,1,1,1,0,0,0,0,1,1,0,1,0,0,0,0,1,0
33,6,1,1,0,0,0,0,0,1,1,1,1,0,1,0,0,0,0,1,1,1,0
33,7,0,0,1,0,0,0,1,0,0,1,1,0,0,1,1,1,0,0,0,0,0
33,8,0,0,0,1,1,0,1,1,0,0,1,0,0,1,0,0,1,1,1,1,1
33,9,1,0,0,0,1,0,1,0,1,1,0,0,0,1,0,0,0,1,1,1,0
33,10,1,1,1,1,0,0,1,0,1,1,0,0,0,1,0,1,0,0,0,0,1
34,1,0,0,1,0,0,1,0,1,1,0,0,1,1,1,1,1,0,1,1,1,0
34,2,0,0,0,1,1,0,1,0,1,0,1,0,1,0,0,1,0,1,1,1,1
34,3,0,1,0,0,1,0,0,1,0,0,0,0,0,1,1,0,1,1,1,0,1
34,4,1,0,1,1,0,1,0,1,1,0,0,0,0,0,0,0,0,1,0,0,0
34,5,0,1,1,0,0,1,0,0,0,1,0,0,0,1,1,1,0,1,0,0,1
34,6,1,0,1,0,0,0,0,1,0,0,0,1,1,1,1,0,0,1,0,0,0
34,7,1,0,1,1,0,0,1,1,0,1,1,0,1,1,1,0,1,1,0,0,0
34,8,1,1,1,0,1,0,0,0,0,1,0,0,1,0,0,1,0,1,0,1,0
34,9,0,1,1,0,0,1,0,0,1,1,0,1,1,0,1,1,1,0,1,0,0
34,10,0,1,1,1,1,0,0,1,1,0,0,1,1,1,1,0,1,1,1,0,0
35,1,0,1,1,1,0,1,0,0,0,1,1,0,1,1,1,0,1,0,0,1,1
35,2,1,1,0,0,0,1,0,1,1,1,1,1,1,1,1,0,1,0,1,1,1
35,3,0,0,1,0,1,0,1,0,0,1,0,0,0,1,0,0,1,1,0,1,1
35,4,0,0,1,0,0,0,1,1,1,0,0,0,1,0,1,0,0,1,0,1,1
35,5,0,0,1,1,0,1,1,1,0,0,1,1,0,0,1,1,1,0,0,1,0
35,6,1,0,0,0,0,0,1,0,0,1,1,1,1,0,0,0,1,0,1,1,0
35,7,1,1,1,1,0,1,0,0,1,0,1,1,1,0,1,0,0,1,0,0,1
35,8,1,1,1,1,0,1,0,1,1,0,0,1,1,0,1,0,0,1,1,1,0
35,9,1,0,0,1,0,0,1,0,1,0,1,0,1,0,1,1,1,1,1,1,0
35,10,0,1,0,1,1,0,1,1,0,1,0,1,1,1,0,1,0,0,1,1,1
36,1,1,0,1,0,1,1,1,1,1,0,1,1,1,0,0,0,1,0,1,0,0
36,2,0,0,0,1,0,0,0,0,1,1,0,0,0,0,0,1,1,1,1,0,0
36,3,1,0,1,0,1,0,0,1,1,0,0,1,0,0,0,1,1,0,1,0,1
36,4,0,1,1,1,0,1,0,0,1,0,0,1,1,1,0,0,0,0,0,0,0
36,5,0,1,0,1,0,1,0,0,0,1,0,0,0,1,1,1,0,0,0,1,1
36,6,0,1,1,0,1,0,0,0,1,1,1,0,1,0,1,1,0,1,0,0,1
36,7,0,1,0,0,1,0,0,0,1,0,0,1,0,1,0,1,0,1,0,1,1
36,8,0,1,1,0,0,0,1,1,0,0,0,0,0,1,0,1,0,1,0,1,1
36,9,0,0,1,0,0,0,1,1,1,0,0,0,1,0,0,0,0,1,1,1,1
36,10,1,0,0,1,0,1,1,0,0,0,1,1,0,1,1,1,0,1,0,1,0
37,1,0,0,1,1,0,0,1,0,1,0,1,0,1,0,1,1,1,0,0,0,1
37,2,1,0,0,0,0,1,0,1,1,1,1,0,0,0,0,1,0,0,0,1,0
37,3,0,1,1,0,1,0,0,0,0,1,1,0,0,1,1,0,0,0,1,1,1
37,4,0,0,1,1,0,0,1,1,1,0,0,1,0,0,0,1,1,1,0,1,1
37,5,0,1,1,0,0,1,0,0,1,1,0,0,0,0,0,0,1,1,0,1,0
37,6,0,1,1,0,1,1,1,0,0,1,0,0,0,0,1,1,0,1,1,1,1
37,7,0,1,0,1,1,0,0,1,0,1,0,0,1,1,0,0,1,0,0,1,1
37,8,1,1,1,1,1,1,0,0,0,1,1,1,0,1,1,1,1,0,0,1,0
37,9,1,1,1,0,0,0,1,0,1,0,1,1,0,1,0,0,0,1,1,0,1
37,10,1,1,0,0,0,1,1,0,0,0,1,0,0,0,1,1,0,0,1,1,1
38,1,0,0,0,1,0,0,1,1,0,1,1,0,0,1,1,0,1,0,0,1,0
38,2,0,0,0,0,1,0,0,0,1,0,0,0,0,0,1,1,1,1,1,0,0
38,3,0,1,1,1,1,0,0,0,0,1,1,0,1,1,0,1,0,1,1,1,1
38,4,0,0,0,1,0,0,1,1,0,1,1,1,0,1,1,0,1,1,0,0,0
38,5,0,0,0,0,0,1,1,1,0,0,0,1,1,0,0,0,1,0,0,1,0
38,6,0,0,1,1,0,1,1,1,0,1,1,0,1,0,0,1,1,0,0,1,1
38,7,0,0,1,1,0,1,0,1,1,0,1,1,0,1,0,0,1,0,1,0,0
38,8,1,1,1,1,0,1,1,1,0,0,0,1,0,0,0,0,1,1,0,1,0
38,9,1,0,1,0,0,0,0,0,1,0,1,0,1,1,1,0,0,1,0,1,1
38,10,0,0,0,1,0,1,1,1,1,1,0,1,0,0,1,0,0,1,0,1,1
39,1,1,0,1,1,1,0,1,0,0,1,1,0,0,0,0,1,1,0,0,1,1
39,2,1,0,0,1,1,1,1,0,1,1,1,0,0,0,1,0,0,1,0,1,1
39,3,1,0,0,1,1,1,1,0,0,0,0,0,1,0,0,1,0,0,0,0,0
39,4,1,1,1,0,1,0,0,1,1,1,1,0,0,0,0,0,0,1,1,1,0
39,5,1,0,0,0,0,1,0,0,1,1,1,0,0,1,1,1,0,1,0,0,1
39,6,1,0,0,1,0,1,0,0,0,0,0,0,1,0,0,1,1,0,0,1,0
39,7,1,0,1,1,0,0,1,1,1,1,1,0,0,0,0,0,0,0,1,0,1
39,8,1,0,1,1,0,0,1,1,1,1,0,0,1,1,0,0,1,1,1,0,0
39,9,0,0,1,1,0,1,0,1,1,0,1,0,1,0,1,0,0,0,0,0,0
39,10,1,0,1,0,0,0,0,1,0,1,0,0,1,0,1,1,0,0,0,1,1
40,1,0,1,0,1,0,0,0,0,0,0,1,0,0,0,1,1,0,0,1,1,1
40,2,1,1,0,1,0,1,0,0,1,0,0,0,1,0,0,1,0,0,0,1,0
40,3,0,1,0,0,0,1,0,1,0,1,1,0,0,0,1,1,1,1,1,1,1
40,4,0,0,0,0,0,1,1,0,0,1,0,1,0,0,1,1,1,0,1,1,1
40,5,1,0,0,0,1,0,1,0,0,0,1,1,0,1,0,1,1,1,1,0,0
40,6,0,1,1,1,1,1,1,1,0,0,0,0,0,0,1,0,1,1,0,1,1
40,7,0,1,0,1,1,0,1,1,1,1,1,0,1,0,1,0,1,0,1,0,0
40,8,0,1,1,0,1,0,1,1,0,0,1,1,0,1,1,0,1,1,1,1,0
40,9,1,0,1,0,0,1,1,1,0,1,0,1,1,0,1,0,1,0,0,0,0
40,10,0,0,0,1,0,1,0,0,1,1,1,0,1,1,1,1,1,0,0,0,1
41,1,1,0,0,0,0,0,1,1,0,1,1,0,0,0,1,0,0,0,0,0,1
41,2,1,1,0,0,0,1,0,0,1,1,1,0,0,0,1,1,1,0,0,0,1
41,3,1,1,0,1,1,1,0,1,1,1,1,1,0,1,0,0,0,1,1,0,0
41,4,1,1,0,0,0,1,1,0,0,1,0,0,0,0,0,0,0,1,1,0,1
41,5,0,0,1,0,0,1,1,0,0,1,1,1,0,1,1,0,1,1,1,0,1
41,6,1,1,1,1,1,1,1,1,0,1,1,1,1,1,0,0,1,1,0,0,0
41,7,1,1,1,0,1,0,1,1,0,1,0,0,0,0,0,0,1,0,1,1,0
41,8,0,1,1,1,0,1,1,0,0,0,1,1,1,0,1,1,0,1,0,1,0
41,9,0,1,0,1,1,0,0,0,1,1,1,1,1,1,1,0,1,0,1,1,0
41,10,0,1,0,0,0,1,1,0,0,1,0,1,0,1,1,1,0,1,0,1,0
42,1,1,1,0,1,1,0,1,0,0,1,0,1,0,0,1,1,0,0,0,1,1
42,2,0,1,1,0,0,1,1,1,1,1,0,1,0,1,1,0,0,1,0,1,0
42,3,1,0,1,0,1,1,0,1,0,1,0,0,1,0,1,0,0,1,0,0,0
42,4,1,1,1,1,0,0,1,1,0,1,0,0,1,1,1,0,0,1,1,1,0
42,5,1,0,0,0,1,0,1,0,0,0,0,1,1,1,0,0,1,0,1,0,1
42,6,0,1,1,1,1,0,1,1,0,1,0,0,1,0,1,0,1,0,0,0,0
42,7,1,0,0,0,1,0,1,1,1,1,0,1,1,1,0,1,0,0,1,0,1
42,8,1,1,1,1,1,0,0,0,1,0,1,1,0,1,0,1,0,1,1,1,0
42,9,0,0,0,0,1,1,1,1,0,0,1,1,0,0,0,0,1,1,0,0,0
42,10,0,1,0,1,0,0,1,0,1,0,1,1,0,0,0,0,0,1,1,1,1
43,1,1,0,1,1,1,1,1,0,0,1,0,0,0,0,0,0,1,0,0,1,1
43,2,1,0,0,0,0,0,0,1,1,1,0,1,1,1,1,1,1,0,1,1,0
43,3,0,1,1,1,0,1,1,1,1,1,0,1,0,1,0,0,0,1,1,0,1
43,4,1,1,0,0,0,0,1,1,1,1,1,0,1,1,1,1,0,0,0,1,0
43,5,0,0,0,1,0,1,1,0,1,1,0,0,0,0,0,0,0,1,1,0,0
43,6,0,1,0,0,0,0,1,1,0,1,1,0,0,0,1,0,1,0,1,1,1
43,7,1,1,0,1,1,0,1,0,0,1,0,1,1,0,1,0,1,0,1,1,1
43,8,0,0,1,1,1,0,0,0,0,0,0,0,1,0,1,0,1,0,1,1,1
43,9,1,1,1,0,1,1,1,1,1,1,0,0,1,0,0,1,1,1,0,1,1
43,10,0,0,0,1,0,0,0,1,0,1,1,0,1,0,1,1,0,0,0,0,0
44,1,1,0,0,1,1,1,1,1,1,1,0,1,0,1,1,0,1,0,0,1,1
44,2,1,1,0,1,1,1,0,1,0,1,1,0,0,1,1,0,1,1,0,0,0
44,3,1,0,0,1,0,0,1,0,0,1,1,0,1,1,0,1,1,1,1,1,1
44,4,1,0,0,0,0,0,1,0,1,1,1,1,1,1,1,1,0,0,1,0,0
44,5,1,1,0,0,0,0,0,0,1,0,0,0,0,0,1,0,0,0,0,1,0
44,6,1,1,0,0,1,1,1,1,0,1,1,0,0,1,0,1,1,1,1,1,0
44,7,0,1,1,0,0,0,1,0,1,1,1,1,1,1,1,1,0,0,0,0,0
44,8,1,1,1,0,1,1,0,1,0,1,1,1,0,1,1,0,0,0,0,0,0
44,9,0,1,1,1,0,0,1,0,1,1,1,1,1,1,0,0,0,1,1,0,1
44,10,1,1,0,1,1,1,0,0,1,1,1,1,0,0,1,1,0,1,0,0,0
45,1,0,1,1,0,0,1,0,0,0,1,0,1,0,0,1,1,1,1,1,0,1
45,2,1,0,1,0,1,0,1,1,1,1,1,0,0,1,0,0,1,0,1,1,1
45,3,0,1,0,1,0,1,1,0,1,1,1,1,0,1,0,1,1,1,0,1,1
45,4,0,0,1,1,1,1,1,1,0,0,1,0,1,1,0,0,1,1,0,0,0
45,5,0,1,0,0,1,1,1,1,0,1,0,0,0,0,1,0,1,0,1,1,0
45,6,1,1,1,0,1,0,1,0,1,1,0,1,1,1,0,0,1,1,0,0,0
45,7,0,1,0,0,0,1,0,1,0,0,1,1,0,0,0,0,1,1,0,0,0
45,8,0,0,1,0,1,1,1,1,0,1,0,0,1,1,1,1,0,1,1,0,1
45,9,0,0,0,1,1,0,0,0,1,1,0,0,0,1,1,1,1,1,1,1,0
45,10,0,1,0,1,0,0,1,1,1,1,0,1,1,0,1,1,0,1,0,0,1
46,1,0,1,1,0,1,1,0,1,0,1,0,0,0,0,1,1,0,0,0,1,1
46,2,0,0,0,0,1,0,0,0,0,0,1,0,0,1,0,1,0,0,0,0,0
46,3,0,0,0,0,1,1,0,0,1,1,0,0,1,1,1,0,1,1,1,0,0
46,4,1,1,0,1,0,0,1,1,1,1,0,1,0,1,1,0,1,0,1,0,1
46,5,1,0,0,1,1,1,1,0,1,1,1,1,1,1,1,0,1,1,1,0,0
46,6,0,1,0,1,0,0,0,1,0,0,1,0,1,1,0,0,1,0,1,0,0
46,7,1,0,0,1,1,1,0,0,0,1,0,1,0,1,1,1,0,1,0,0,1
46,8,0,0,0,1,1,0,1,1,1,0,1,1,1,0,0,0,1,1,1,0,0
46,9,0,0,0,1,1,1,1,1,1,1,0,1,0,1,1,1,1,0,1,1,1
46,10,1,0,1,1,0,1,0,0,0,1,0,1,1,1,1,1,0,0,1,1,1
47,1,0,1,1,0,1,1,0,1,1,0,1,0,0,0,0,0,0,0,0,0,1
47,2,0,1,0,0,1,1,1,1,0,0,0,0,0,1,0,0,1,0,0,1,0
47,3,0,1,0,0,0,1,1,1,0,1,0,1,0,0,1,1,0,0,1,1,0
47,4,1,1,1,1,1,1,0,1,1,0,1,1,1,1,0,0,1,1,0,1,0
47,5,1,0,0,0,0,0,0,0,0,1,0,1,1,1,1,1,1,1,0,1,0
47,6,1,0,0,1,1,0,0,0,0,1,1,1,0,0,1,0,0,0,0,0,1
47,7,0,1,1,1,0,0,0,0,0,1,0,1,1,1,0,0,0,0,1,1,1
47,8,0,1,0,0,1,0,1,1,0,1,1,0,1,1,0,1,1,0,0,0,0
47,9,0,1,0,0,0,0,0,1,0,1,0,1,0,0,0,1,1,1,0,1,0
47,10,1,0,0,1,1,0,0,1,0,0,0,0,1,1,0,1,1,1,0,1,1
48,1,1,1,0,0,0,1,1,0,0,0,1,1,0,0,0,0,0,1,0,1,1
48,2,1,1,0,1,1,0,1,0,1,1,1,0,0,1,1,1,1,1,1,1,0
48,3,1,1,1,0,1,1,1,1,1,1,0,1,1,1,1,0,1,0,0,0,1
48,4,1,0,0,0,0,1,0,0,0,1,1,1,0,1,1,0,0,1,0,1,1
48,5,0,1,1,0,1,1,0,1,0,0,0,0,1,1,0,0,0,0,1,1,1
48,6,0,1,1,1,1,0,1,0,1,0,1,1,1,0,0,0,0,1,0,0,0
48,7,0,1,1,0,0,1,0,0,0,0,0,1,1,1,0,1,1,1,0,0,0
48,8,1,1,1,1,0,1,1,0,1,1,0,0,1,1,0,1,1,0,0,0,1
48,9,1,1,1,1,1,1,1,1,1,0,0,0,0,0,0,0,1,1,1,1,0
48,10,1,1,1,0,1,1,1,0,0,0,1,0,0,0,1,0,1,1,1,1,0
49,1,0,1,1,0,1,0,0,0,1,1,1,0,0,1,0,1,0,1,1,1,1
49,2,0,1,0,0,0,1,1,0,1,1,0,0,0,0,0,0,0,1,1,0,0
49,3,0,1,1,1,1,1,0,0,0,1,1,0,0,0,0,0,1,1,0,1,0
49,4,0,0,1,1,1,0,1,1,0,0,1,1,0,1,1,0,1,0,0,1,1
49,5,0,0,0,0,0,1,0,0,0,1,0,0,1,0,0,0,0,1,0,1,0
49,6,0,1,1,1,0,0,1,0,1,1,1,1,0,0,1,1,1,0,1,0,1
49,7,1,0,1,1,1,0,1,0,1,0,0,0,1,1,1,0,0,0,0,0,0
49,8,1,1,0,1,0,1,0,1,0,1,1,1,0,0,1,1,1,0,0,1,1
49,9,0,1,1,1,1,0,1,0,1,0,1,0,0,0,1,0,0,1,0,0,1
49,10,1,0,0,0,1,0,1,1,1,1,1,1,1,0,1,0,0,0,0,0,0
50,1,0,1,1,1,1,0,0,1,1,1,0,0,1,0,0,1,0,0,0,1,0
50,2,0,0,1,1,0,1,0,0,0,1,0,0,1,0,0,0,1,0,0,1,1
50,3,0,1,0,1,0,1,0,1,1,1,0,1,0,0,0,0,0,1,0,0,0
50,4,0,1,1,1,0,1,1,1,1,1,0,0,0,0,0,1,0,0,0,0,1
50,5,1,1,1,0,0,1,1,1,1,0,0,1,1,1,1,0,1,0,0,1,0
50,6,0,0,0,1,1,1,0,1,1,1,0,0,0,1,1,0,0,0,0,0,0
50,7,0,0,1,0,1,1,0,0,1,0,1,0,0,0,0,1,0,0,1,0,0
50,8,0,1,1,0,1,0,1,1,1,0,0,1,1,0,0,0,0,1,0,0,0
50,9,0,1,1,1,1,1,1,1,0,0,1,1,1,1,0,1,0,1,0,1,1
50,10,0,0,1,0,1,0,1,0,1,1,0,0,0,0,0,0,1,0,1,1,0
51,1,1,1,0,0,0,0,1,1,0,0,0,0,0,1,1,1,0,0,0,1,0
51,2,0,1,1,0,0,1,1,1,0,0,1,0,1,1,0,0,0,0,0,1,0
51,3,1,1,1,0,1,1,0,0,0,1,0,1,0,1,1,1,1,0,1,0,1
51,4,1,1,1,1,0,0,0,0,0,0,1,1,0,0,0,1,0,0,0,0,0
51,5,1,1,0,1,0,0,1,0,1,1,0,1,0,0,0,0,0,0,0,1,1
51,6,1,0,1,1,1,1,1,1,0,1,1,1,1,0,1,1,1,0,0,0,0
51,7,0,1,0,0,0,0,0,1,1,1,0,1,1,1,1,1,1,0,0,1,1
51,8,0,0,1,0,0,1,1,1,0,0,0,1,1,1,0,1,1,1,1,0,0
51,9,0,0,1,0,0,0,1,0,1,1,1,0,1,0,0,1,0,1,1,1,0
51,10,1,0,0,1,1,1,1,1,1,0,0,0,1,1,0,1,1,1,0,0,1
52,1,1,1,1,1,1,1,1,0,0,1,0,1,0,1,0,0,1,1,1,1,0
52,2,1,1,0,0,1,0,0,0,1,1,0,0,0,1,0,0,1,0,0,1,0
52,3,1,1,1,1,1,1,0,1,1,1,1,1,1,0,1,0,0,1,0,1,0
52,4,1,0,0,0,0,1,1,0,1,1,0,0,1,1,1,1,0,0,1,1,1
52,5,0,1,0,0,1,0,1,0,1,1,0,1,0,0,1,1,0,0,1,0,0
52,6,1,1,1,0,1,0,0,0,0,0,0,1,1,0,1,0,0,1,1,1,0
52,7,1,0,0,0,1,1,1,0,0,0,1,0,0,1,1,0,1,0,1,0,0
52,8,1,0,1,0,1,0,0,0,0,0,0,0,0,0,1,0,1,1,0,0,0
52,9,0,1,0,0,0,1,0,0,1,1,1,0,1,0,1,0,1,0,1,1,0
52,10,1,1,0,1,1,1,1,1,0,1,1,1,1,1,1,0,1,0,0,0,1
53,1,1,0,1,1,1,1,1,1,0,1,0,0,0,0,0,0,0,1,0,0,1
53,2,0,0,1,1,1,1,1,0,1,1,0,0,0,1,1,0,0,0,1,1,0
53,3,1,1,0,0,1,0,1,1,0,0,1,1,1,0,1,1,1,1,1,1,1
53,4,0,0,1,1,0,0,0,1,1,0,1,1,1,1,1,1,1,0,1,1,0
53,5,1,0,1,1,0,1,1,1,0,0,0,1,0,0,0,0,1,1,0,1,0
53,6,1,1,0,0,1,0,1,1,1,1,0,0,0,1,1,1,0,0,1,1,1
53,7,0,0,0,1,1,1,0,1,0,1,1,0,1,1,0,0,0,1,1,0,1
53,8,1,1,0,1,1,1,0,0,0,1,1,0,1,0,0,1,0,1,1,1,0
53,9,0,1,1,1,1,1,1,1,0,0,1,1,0,0,1,0,0,0,0,1,1
53,10,0,1,0,1,1,1,1,0,1,0,1,1,1,0,1,1,1,0,0,1,1
54,1,1,0,1,0,1,1,1,0,1,0,1,1,0,1,0,1,0,0,1,0,0
54,2,0,0,0,1,1,0,0,1,0,0,0,0,1,1,1,0,0,0,0,1,1
54,3,0,1,0,1,1,1,0,1,1,1,1,1,0,0,0,0,1,0,0,1,0
54,4,1,1,1,1,0,1,1,0,1,1,0,0,0,1,1,1,0,0,0,1,0
54,5,0,0,1,0,1,0,1,1,0,0,1,1,0,0,1,0,1,0,0,0,1
54,6,1,0,0,1,1,1,0,0,0,1,0,0,1,1,1,0,1,0,1,1,1
54,7,1,0,0,0,0,0,0,0,1,1,1,1,1,0,1,0,1,0,1,1,0
54,8,1,0,0,1,0,0,0,1,1,0,0,0,1,1,0,0,0,1,1,0,0
54,9,1,0,0,0,0,0,0,0,1,1,0,0,0,0,1,0,0,0,1,0,1
54,10,0,1,1,0,0,1,1,1,1,0,1,1,0,1,1,1,0,1,1,0,0
55,1,1,1,0,1,0,0,1,0,0,0,1,1,1,0,1,0,0,0,1,1,0
55,2,0,0,1,0,1,0,1,0,0,1,1,1,1,1,1,1,0,1,1,1,0
55,3,0,0,0,0,0,1,0,0,0,0,0,0,1,1,1,0,1,0,1,1,1
55,4,1,0,1,0,0,1,1,1,1,0,1,0,1,0,0,0,1,1,0,1,1
55,5,0,1,1,0,0,0,1,0,1,0,0,0,0,1,0,1,1,1,0,1,0
55,6,1,0,1,0,1,0,1,0,0,1,1,1,0,0,1,0,1,1,0,0,0
55,7,0,0,1,0,1,0,1,0,1,0,1,1,1,0,0,1,1,0,1,0,1
55,8,1,0,0,0,1,1,1,1,1,1,0,1,1,0,0,0,0,0,0,0,0
55,9,0,1,0,0,1,1,0,1,1,1,0,0,0,0,0,1,0,0,1,1,0
55,10,0,0,1,0,0,1,0,0,0,0,1,1,0,1,1,1,1,1,0,0,1
56,1,0,1,0,0,1,1,0,0,1,1,1,1,0,1,1,1,0,1,0,1,1
56,2,0,1,0,0,1,0,1,0,1,0,0,1,1,0,0,1,0,1,1,0,1
56,3,1,1,1,0,1,1,1,1,0,1,0,1,1,0,1,1,1,0,0,0,1
56,4,0,0,1,1,0,0,0,0,1,0,0,0,0,1,0,1,1,1,0,0,1
56,5,0,0,1,0,1,0,0,1,1,0,0,1,0,0,1,0,0,0,0,1,0
56,6,0,1,1,1,0,1,0,1,0,0,0,1,1,1,0,1,0,0,1,0,0
56,7,0,0,1,1,1,0,1,1,1,0,0,1,1,1,0,0,1,1,1,0,1
56,8,0,0,0,1,0,0,0,1,1,1,0,1,1,0,1,0,1,1,0,1,0
56,9,0,1,0,0,0,0,0,0,1,1,1,0,1,0,0,1,0,0,0,1,1
56,10,0,1,0,0,1,0,0,0,0,0,0,1,1,0,0,1,1,0,1,0,0
57,1,1,0,0,0,1,1,0,1,1,1,1,1,1,0,1,0,1,0,0,0,0
57,2,0,1,1,0,1,0,0,1,1,1,0,0,1,1,0,1,0,0,0,0,0
57,3,0,0,1,0,1,0,0,0,0,0,0,0,1,1,1,0,1,1,1,1,0
57,4,1,1,1,1,0,1,1,1,1,0,0,1,0,0,1,1,1,1,1,0,1
57,5,0,1,1,1,0,0,1,1,1,1,1,0,0,1,1,1,0,1,0,1,1
57,6,0,0,1,0,1,0,0,1,1,1,0,0,1,1,1,0,0,1,0,1,1
57,7,1,0,1,1,1,1,0,0,1,0,0,1,1,0,1,1,1,1,0,0,1
57,8,0,0,0,1,0,1,0,0,1,0,1,0,1,0,1,0,1,0,1,0,1
57,9,1,1,0,1,1,0,0,0,0,0,0,1,1,1,1,1,0,0,0,0,0
57,10,0,1,1,0,1,1,0,1,1,0,0,1,1,0,0,0,0,0,0,0,0
58,1,0,0,1,0,1,1,1,1,1,0,1,1,1,0,0,0,0,1,0,0,0
58,2,0,1,1,1,1,0,1,0,1,0,0,0,1,0,0,0,0,0,0,1,0
58,3,0,1,1,1,1,0,0,1,0,1,0,1,1,0,1,1,1,0,1,0,0
58,4,1,0,1,1,1,1,0,1,0,1,1,1,0,0,1,0,1,0,0,0,1
58,5,0,1,1,0,0,0,0,0,0,1,1,1,1,0,1,1,1,1,0,1,0
58,6,1,0,1,1,1,1,1,1,1,0,0,1,1,0,1,0,0,0,1,1,0
58,7,0,1,0,1,0,1,1,1,0,1,0,1,1,0,0,1,1,1,1,1,0
58,8,0,0,0,1,1,0,1,1,1,1,1,1,0,1,1,1,1,1,1,0,1
58,9,1,0,1,0,0,0,1,0,1,1,0,1,0,1,0,1,0,1,1,0,0
58,10,1,0,1,0,0,0,1,1,0,1,1,0,0,1,1,0,1,0,0,0,0
59,1,0,1,1,0,0,1,1,0,1,0,0,0,1,1,0,1,1,0,1,1,1
59,2,1,0,0,1,1,0,1,1,1,0,0,0,1,1,1,0,1,1,1,1,1
59,3,0,1,0,1,0,0,0,0,0,0,0,1,1,0,0,1,0,0,1,1,0
59,4,1,0,1,0,1,1,1,0,0,1,0,1,0,0,0,0,1,1,1,1,1
59,5,0,1,0,1,1,0,1,0,0,1,0,0,1,1,0,1,0,1,1,0,1
59,6,1,1,1,0,0,1,1,1,0,0,1,1,1,1,1,1,0,0,1,0,0
59,7,0,1,0,0,1,0,0,0,1,0,0,1,0,0,0,0,1,0,1,1,1
59,8,0,1,1,0,0,1,1,0,1,0,0,1,0,1,1,1,1,0,0,0,0
59,9,1,1,0,0,0,1,0,1,1,0,1,0,1,1,0,1,1,0,0,0,1
59,10,0,1,1,0,0,0,1,1,0,0,1,1,1,0,1,1,1,1,1,1,0
60,1,1,1,1,1,1,0,0,1,1,1,1,1,1,0,1,1,0,1,1,0,1
60,2,0,0,1,1,1,1,0,0,0,0,1,0,1,0,0,0,1,0,0,0,1
60,3,0,1,1,0,0,0,0,0,0,0,0,1,0,1,0,1,0,0,0,1,0
60,4,1,1,0,0,1,1,0,1,1,0,1,0,0,0,1,0,1,0,1,1,0
60,5,1,0,1,1,0,1,0,1,1,0,1,0,0,0,1,0,0,0,0,1,1
60,6,1,1,1,0,0,0,0,0,1,0,1,0,1,0,0,1,0,1,1,0,0
60,7,0,0,1,1,0,0,1,0,0,0,1,1,0,1,1,0,0,1,1,1,0
60,8,1,1,0,1,0,1,0,0,1,0,0,0,1,0,1,0,1,0,0,0,1
60,9,0,1,0,1,0,0,0,1,1,1,0,0,0,0,1,0,1,1,1,0,1
60,10,1,1,1,0,0,1,0,0,1,1,1,1,0,1,1,1,0,0,1,0,0
61,1,0,1,0,1,1,0,0,0,1,0,1,0,1,1,0,0,1,1,1,0,1
61,2,1,0,1,1,1,0,0,0,1,0,1,1,0,0,1,0,0,0,1,1,1
61,3,1,1,1,1,0,0,0,0,0,1,0,1,1,0,0,1,1,0,1,1,1
61,4,1,0,0,1,1,0,0,0,1,1,0,1,1,0,1,0,0,1,0,0,0
61,5,1,1,1,0,1,1,0,1,1,1,1,1,0,0,1,0,1,0,0,0,1
61,6,0,1,1,0,1,1,0,0,1,0,0,1,1,0,0,1,0,0,1,1,0
61,7,1,0,1,1,1,1,0,1,1,1,0,0,0,1,1,1,0,0,1,1,0
61,8,0,0,0,0,1,0,0,0,1,0,1,1,1,0,1,1,0,1,0,1,0
61,9,1,0,0,0,0,0,0,0,0,0,1,0,1,1,0,1,1,1,0,0,1
61,10,1,0,1,1,1,0,0,0,0,0,0,0,1,1,1,1,0,0,0,1,0
62,1,1,1,1,0,0,0,0,0,0,1,1,1,0,0,0,0,1,1,0,0,0
62,2,1,1,1,1,1,0,1,1,1,0,1,1,1,1,1,0,0,0,0,0,1
62,3,1,0,0,1,1,1,1,1,0,1,0,0,0,1,1,1,1,1,1,0,1
62,4,1,1,0,1,1,0,1,0,0,0,0,0,0,0,0,0,0,0,1,0,0
62,5,1,1,1,1,1,1,0,0,1,1,0,1,1,1,1,0,1,0,0,1,0
62,6,0,1,0,0,0,0,0,0,0,0,1,1,0,1,0,0,0,1,1,1,1
62,7,0,1,1,0,1,0,0,1,1,1,0,0,0,1,1,1,1,0,1,1,0
62,8,0,1,0,0,0,0,0,1,1,0,0,1,1,0,1,0,0,1,1,1,1
62,9,0,0,1,0,0,1,0,0,1,0,1,0,0,0,1,1,1,0,1,0,0
62,10,0,0,0,1,1,0,0,0,0,1,0,0,1,0,1,0,0,0,0,1,0
63,1,1,1,1,0,1,0,1,1,0,0,1,1,0,0,0,0,1,0,1,0,1
63,2,0,0,1,1,1,1,1,1,0,1,1,1,0,0,0,1,1,1,0,1,1
63,3,0,0,0,0,0,0,0,1,0,0,1,0,1,1,0,1,1,1,1,0,1
63,4,1,1,0,1,1,1,0,0,0,0,0,1,1,0,1,0,0,0,0,0,1
63,5,1,0,0,0,0,1,1,0,1,0,1,0,1,1,0,0,1,0,1,0,0
63,6,0,1,1,0,0,1,0,0,0,1,1,1,0,0,0,0,0,1,1,0,1
63,7,1,1,1,0,1,1,0,0,1,0,1,0,0,0,0,1,0,1,0,1,0
63,8,0,0,1,0,0,0,0,0,0,1,1,1,1,0,0,1,0,0,0,1,1
63,9,0,1,1,0,0,0,1,0,1,1,0,1,1,0,0,0,0,1,0,1,0
63,10,1,1,0,1,0,0,1,0,1,0,0,0,1,0,0,1,1,0,0,1,1
64,1,1,1,0,1,1,1,1,0,1,1,1,1,1,0,0,1,1,0,0,0,0
64,2,1,1,0,0,0,0,1,0,0,1,1,1,0,1,1,1,1,0,1,1,1
64,3,1,1,1,0,1,0,0,1,0,1,0,0,1,0,1,0,1,0,0,1,1
64,4,0,0,0,1,1,1,1,1,0,0,0,1,1,1,1,1,1,0,0,1,0
64,5,1,1,1,1,1,0,1,1,1,0,0,1,1,0,0,0,1,1,0,0,1
64,6,1,0,0,1,0,1,1,1,0,1,1,0,0,0,1,0,0,1,1,0,0
64,7,0,1,1,0,0,1,1,0,1,1,1,1,0,1,0,0,1,0,0,0,1
64,8,1,0,1,1,1,0,0,1,1,1,0,1,0,1,0,0,1,1,0,1,0
64,9,0,0,0,1,0,1,0,0,1,0,0,0,0,0,1,0,0,0,1,0,1
64,10,1,0,1,1,0,0,1,1,1,1,0,1,0,0,1,1,1,1,1,0,1
65,1,1,1,0,1,1,1,0,1,1,1,0,1,0,0,0,0,0,1,1,0,0
65,2,0,0,0,1,0,1,1,1,0,1,1,0,1,0,1,1,0,0,0,0,0
65,3,1,1,1,0,1,1,0,1,1,0,0,1,1,0,1,1,1,1,0,0,1
65,4,1,0,0,1,1,0,1,1,0,1,0,1,0,1,0,1,1,0,1,0,0
65,5,0,0,1,1,0,1,0,1,0,0,1,1,1,0,0,1,1,1,0,0,0
65,6,0,0,1,0,0,0,1,0,0,1,0,0,1,1,1,0,0,0,0,1,0
65,7,1,0,0,1,1,1,1,0,0,1,0,1,1,0,1,1,1,0,0,0,1
65,8,1,0,1,0,1,0,1,0,1,1,0,0,1,0,0,1,0,1,1,0,0
65,9,0,0,0,0,0,0,1,1,0,0,0,0,0,0,0,1,1,0,1,0,1
65,10,1,0,1,0,1,1,0,1,1,0,0,1,1,0,0,0,1,1,0,0,1
66,1,1,1,0,0,0,0,1,0,1,1,0,0,0,1,1,0,0,1,0,0,1
66,2,1,0,1,1,1,0,0,1,1,0,1,0,1,1,1,1,0,1,1,0,1
66,3,1,0,1,1,1,1,1,1,0,1,0,1,0,0,0,0,0,0,0,0,1
66,4,0,1,1,0,1,1,1,0,0,0,1,1,0,0,0,0,0,1,0,1,1
66,5,1,0,0,0,0,1,0,1,0,0,1,1,0,1,1,0,1,1,1,1,0
66,6,0,0,1,1,0,1,1,0,1,1,0,1,0,1,1,0,0,1,1,0,0
66,7,1,0,0,1,1,0,0,0,1,0,1,0,0,0,0,0,0,1,1,0,0
66,8,0,0,0,1,1,0,1,1,1,1,0,0,1,1,1,1,0,1,0,0,0
66,9,0,1,0,1,1,1,0,0,0,0,0,0,1,1,0,1,1,1,1,0,1
66,10,0,0,1,1,1,0,1,1,1,0,0,0,0,0,0,1,0,0,1,0,0
67,1,1,0,1,1,1,0,1,1,1,0,0,1,0,0,1,1,0,0,0,0,1
67,2,0,1,1,1,1,0,1,1,0,0,0,0,1,0,1,0,0,1,0,1,1
67,3,1,1,1,1,0,0,1,1,0,1,1,0,1,1,0,0,0,0,0,1,0
67,4,1,1,0,0,1,1,1,0,1,1,1,0,0,1,1,0,1,0,1,0,0
67,5,1,0,0,0,0,1,1,1,0,0,1,0,1,0,1,0,0,1,1,1,1
67,6,1,0,0,0,0,1,1,0,0,1,1,1,0,1,0,0,0,1,0,1,1
67,7,0,1,1,0,0,1,1,0,1,0,0,0,1,0,0,1,0,0,0,0,1
67,8,1,0,1,1,0,1,0,0,0,0,0,0,0,0,0,0,1,0,0,1,0
67,9,0,1,0,1,0,1,0,0,1,1,0,1,1,0,1,1,1,0,1,1,0
67,10,0,1,0,1,1,1,1,1,0,0,0,0,0,0,1,1,1,1,0,1,0
68,1,1,1,1,1,1,1,0,0,0,0,0,1,0,0,0,0,0,1,0,1,1
68,2,0,1,0,1,0,1,0,0,0,1,1,0,0,0,0,1,0,0,1,1,0
68,3,1,0,1,0,0,1,0,1,0,0,0,1,1,0,0,1,1,1,1,1,1
68,4,1,0,1,0,0,1,1,0,0,0,0,0,1,0,1,1,1,1,1,1,1
68,5,1,0,0,1,1,0,1,0,0,0,1,0,1,0,1,0,0,0,1,0,1
68,6,0,1,1,0,1,0,0,0,0,0,0,1,1,1,0,0,1,1,1,1,1
68,7,1,0,0,0,0,1,1,1,0,1,0,0,1,1,1,0,0,1,1,0,1
68,8,0,0,1,1,1,0,1,1,1,1,1,0,0,1,0,0,1,0,1,1,0
68,9,0,0,0,1,1,1,1,1,0,1,1,0,1,1,1,0,1,1,1,0,0
68,10,1,0,0,0,1,1,1,0,0,0,1,1,1,1,0,0,1,1,0,1,1
69,1,0,1,0,0,0,1,0,0,0,1,1,0,0,0,0,0,0,1,1,0,1
69,2,1,0,1,1,1,1,1,0,1,1,1,1,1,1,1,1,1,0,0,1,0
69,3,1,1,0,1,1,1,1,1,1,1,1,0,1,1,1,0,0,0,1,1,0
69,4,1,0,1,0,0,0,1,0,0,0,0,0,1,0,0,0,1,1,1,1,0
69,5,0,1,0,1,1,0,1,1,0,1,0,1,0,1,1,0,1,0,1,0,0
69,6,0,0,0,0,1,0,1,0,0,0,1,0,1,1,0,0,1,0,0,0,0
69,7,0,0,1,1,1,0,0,1,0,1,0,0,0,0,1,0,0,1,0,1,0
69,8,0,0,1,0,1,1,0,0,0,0,0,1,1,1,1,0,0,1,1,1,0
69,9,0,0,0,0,1,0,0,0,0,0,0,1,1,1,0,1,0,0,1,1,0
69,10,1,1,0,0,0,1,1,1,0,1,0,0,0,0,0,1,1,0,0,1,1
70,1,0,0,1,1,1,0,0,0,1,0,0,0,0,0,1,1,1,0,0,1,0
70,2,0,0,0,0,1,1,0,1,1,0,0,0,0,1,1,1,1,1,1,0,1
70,3,1,1,0,0,1,1,1,0,1,1,0,1,0,0,0,1,1,0,0,0,0
70,4,1,1,1,0,1,0,0,0,0,0,0,1,1,0,0,1,0,0,0,1,0
70,5,0,1,0,1,1,0,0,1,1,0,0,1,1,0,0,0,0,0,0,1,1
70,6,1,0,0,0,0,0,1,0,1,1,1,1,0,0,0,1,0,0,0,1,0
70,7,1,0,1,0,0,0,0,1,0,0,0,0,0,0,0,1,1,0,0,0,1
70,8,0,1,1,0,0,0,1,0,1,0,1,1,1,1,1,1,0,1,0,1,0
70,9,1,0,1,0,1,0,0,0,0,1,0,0,0,0,0,0,0,1,1,0,1
70,10,1,1,0,1,1,1,0,0,0,0,1,1,1,0,1,0,1,0,1,0,0
71,1,0,1,1,1,1,1,1,0,0,0,1,1,0,0,0,1,1,0,0,1,1
71,2,0,0,0,0,0,1,1,0,1,0,1,0,0,0,0,0,0,0,1,1,0
71,3,1,0,1,1,0,1,1,0,0,0,1,1,0,1,0,0,0,1,1,1,1
71,4,1,1,0,0,0,1,0,0,0,1,0,1,0,0,0,0,1,0,1,1,0
71,5,1,1,0,1,0,1,0,0,1,0,0,1,1,1,0,1,1,1,1,1,1
71,6,0,1,1,1,0,1,1,1,1,1,0,1,0,0,0,1,0,0,1,1,1
71,7,1,1,0,0,1,1,1,0,1,0,1,1,1,1,1,0,1,0,1,1,1
71,8,1,1,0,0,1,1,1,0,1,1,1,1,1,1,0,1,0,0,0,1,0
71,9,0,0,0,0,0,0,1,1,1,1,1,0,0,1,0,1,1,1,1,0,0
71,10,0,1,1,0,0,0,0,1,0,0,0,1,0,1,1,0,1,1,1,0,0
72,1,0,1,1,1,0,1,0,0,1,0,1,1,0,0,1,1,0,0,0,0,0
72,2,0,0,1,1,0,1,1,0,0,1,0,1,0,0,0,0,0,0,1,0,0
72,3,1,0,1,0,0,1,1,0,1,0,1,1,1,1,0,1,1,1,0,0,1
72,4,0,1,1,1,0,0,1,1,0,0,1,1,1,0,1,0,1,1,0,1,0
72,5,1,1,0,0,1,0,1,0,0,1,0,0,0,1,1,1,0,0,1,0,0
72,6,0,1,1,1,1,1,1,0,1,0,1,1,0,0,0,0,0,0,1,0,0
72,7,1,0,1,0,0,0,0,0,0,0,1,1,0,0,0,1,1,1,1,0,0
72,8,1,0,1,1,0,0,1,0,0,0,1,0,0,0,1,1,1,0,1,0,0
72,9,1,1,1,0,0,0,0,1,1,0,1,1,1,1,1,1,1,0,0,1,1
72,10,0,1,1,0,0,0,1,0,1,0,1,1,1,1,1,0,1,0,0,0,0
73,1,1,0,1,0,1,1,0,0,0,1,1,0,1,0,0,1,0,1,0,1,0
73,2,1,1,1,0,0,0,1,0,1,1,1,0,0,0,1,0,0,0,1,1,1
73,3,1,0,0,1,0,1,1,1,0,0,1,0,0,0,0,0,1,0,1,1,1
73,4,0,1,1,0,1,1,1,0,1,0,1,1,0,1,0,0,1,1,0,1,1
73,5,1,0,0,0,0,0,0,0,0,1,0,1,0,0,0,1,0,1,1,0,1
73,6,1,0,0,1,1,0,0,0,1,0,1,1,0,1,0,1,0,0,0,0,1
73,7,0,1,1,1,0,1,1,0,1,1,0,1,0,0,0,1,0,0,0,1,0
73,8,0,1,0,0,0,1,0,0,0,1,1,0,1,0,0,1,0,0,1,0,1
73,9,1,1,1,0,1,1,0,1,1,0,1,0,0,0,1,1,0,0,1,1,0
73,10,1,1,1,0,1,0,1,0,0,1,0,0,1,0,1,0,0,1,0,1,1
74,1,1,0,1,0,0,1,1,0,0,1,1,1,1,0,0,1,1,0,1,0,1
74,2,0,0,0,1,1,1,1,1,0,0,1,1,1,0,1,0,0,1,1,0,0
74,3,1,0,0,0,1,0,1,0,1,0,0,0,1,1,1,1,1,0,0,0,1
74,4,0,0,0,1,0,0,1,1,1,0,1,0,0,1,1,0,0,1,0,0,1
74,5,1,0,1,0,0,1,0,0,1,1,0,1,0,0,1,0,1,1,1,1,0
74,6,1,1,0,1,1,0,1,0,1,0,0,1,1,1,1,0,1,1,0,1,1
74,7,1,0,0,0,0,0,0,1,1,0,0,0,0,0,1,0,0,0,1,0,1
74,8,1,0,1,1,0,1,1,0,1,1,1,1,1,1,0,1,0,0,1,1,1
74,9,1,1,0,0,0,0,1,1,0,0,1,0,1,0,1,1,0,0,1,1,0
74,10,1,1,0,0,1,1,0,1,0,1,0,1,0,1,1,1,0,0,0,0,1
75,1,0,0,1,1,1,0,1,0,1,0,1,0,0,1,1,0,1,0,0,1,0
75,2,0,0,1,0,0,0,0,1,1,0,0,0,1,1,1,1,0,1,0,0,1
75,3,0,1,0,1,0,1,1,0,0,1,0,1,1,0,1,0,1,1,0,1,1
75,4,0,0,0,1,0,0,0,1,1,1,0,0,1,0,0,1,0,0,1,1,1
75,5,1,1,0,1,1,1,0,0,0,1,0,1,0,1,1,0,1,1,1,1,0
75,6,1,1,1,0,1,0,1,1,0,1,1,1,0,0,1,0,0,0,0,0,1
75,7,1,1,0,1,0,1,0,0,0,0,1,0,0,1,1,0,1,0,1,0,0
75,8,1,1,1,0,1,0,0,0,0,0,0,0,1,0,1,0,0,1,1,1,0
75,9,0,1,0,1,0,1,0,0,1,0,1,0,1,0,1,1,0,1,0,1,0
75,10,0,0,1,1,0,0,0,0,1,0,0,0,1,0,0,1,0,0,1,1,1
76,1,0,1,0,1,1,0,1,1,1,0,0,1,0,0,1,0,1,1,0,1,0
76,2,0,0,1,0,1,0,0,0,1,0,1,1,1,0,1,1,0,1,1,0,1
76,3,1,0,1,0,0,1,0,0,1,0,1,0,1,1,0,0,1,1,0,1,1
76,4,0,0,1,1,0,1,1,1,1,0,1,1,0,0,0,1,0,0,0,1,1
76,5,1,0,0,0,0,1,0,1,1,1,0,0,1,1,1,1,1,0,1,0,0
76,6,1,1,1,1,0,1,1,1,1,0,1,1,1,1,1,1,0,0,0,1,0
76,7,1,1,0,1,0,0,1,1,1,0,0,0,1,1,0,0,0,0,1,0,1
76,8,1,0,0,0,1,1,0,0,0,1,0,0,1,0,1,0,0,0,1,1,0
76,9,0,1,0,0,1,0,0,0,0,0,0,1,1,1,1,0,1,0,0,1,1
76,10,1,1,1,1,1,1,1,1,0,1,0,1,0,0,0,1,1,0,0,0,0
77,1,0,0,0,1,1,1,0,0,1,0,0,1,0,0,0,1,1,1,1,1,1
77,2,0,0,1,0,1,1,0,1,0,0,1,0,0,1,1,1,0,1,1,1,1
77,3,0,0,0,0,0,1,0,0,0,1,0,0,1,1,0,0,0,0,0,0,0
77,4,0,1,1,0,1,0,0,1,0,0,0,0,0,1,0,1,0,0,1,0,1
77,5,1,1,1,1,0,0,0,1,1,1,0,0,0,0,0,1,0,1,0,1,1
77,6,1,0,0,0,0,1,1,0,1,0,1,1,1,1,1,1,0,1,1,0,1
77,7,0,1,0,1,0,0,0,1,1,0,0,0,0,0,1,0,0,0,1,1,0
77,8,1,1,0,0,0,1,1,1,0,1,1,1,0,0,0,1,0,1,1,0,0
77,9,1,1,1,1,0,0,0,0,0,1,0,0,0,1,1,1,0,1,1,0,0
77,10,1,1,1,1,0,0,1,1,1,0,0,0,1,0,0,1,0,1,1,1,1
78,1,1,0,1,0,0,1,1,0,1,1,1,1,1,0,0,1,1,0,0,0,0
78,2,1,0,0,0,0,0,1,0,1,0,1,0,0,0,1,0,0,1,1,1,0
78,3,0,0,0,1,0,1,1,1,1,1,0,0,0,1,1,0,1,0,0,0,1
78,4,0,1,1,1,0,0,1,0,1,1,0,0,0,1,1,0,0,1,0,0,1
78,5,0,0,0,0,1,1,1,0,1,1,0,0,1,1,1,1,0,0,1,0,0
78,6,0,1,1,0,1,0,1,1,0,1,0,0,1,1,0,1,1,1,0,1,0
78,7,0,1,0,0,1,1,1,1,0,1,0,0,0,0,1,1,1,0,1,0,1
78,8,0,0,0,0,1,1,1,0,0,0,1,0,0,0,0,0,1,1,1,0,1
78,9,1,0,1,1,0,1,0,1,1,1,0,0,1,1,0,1,0,1,1,1,1
78,10,1,0,0,0,0,1,0,1,0,0,0,1,0,1,1,1,0,1,0,0,1
79,1,0,0,0,0,1,1,1,0,1,0,1,1,0,0,0,0,0,1,1,1,1
79,2,0,1,1,1,1,1,1,0,0,1,0,0,1,1,0,0,1,0,0,0,0
79,3,1,0,0,0,0,0,1,1,1,0,0,0,1,0,0,0,0,0,1,1,1
79,4,1,0,0,1,0,0,1,0,1,1,1,1,1,1,1,1,1,0,1,1,0
79,5,0,0,1,0,1,1,1,1,1,0,0,1,1,1,0,0,0,1,0,0,0
79,6,0,0,1,0,1,0,0,1,1,0,0,0,1,1,0,1,0,1,0,0,1
79,7,0,1,0,1,0,1,0,1,0,0,0,0,0,1,1,0,1,0,1,1,0
79,8,0,1,0,0,0,0,0,1,1,0,0,1,1,0,0,0,1,0,0,0,1
79,9,0,0,0,1,1,1,1,0,0,1,0,1,1,1,1,0,0,1,1,0,1
79,10,0,0,1,0,0,1,0,1,1,1,1,0,1,0,1,1,1,1,1,0,1
80,1,0,0,1,0,0,1,1,0,0,0,0,1,0,1,0,1,0,1,0,1,0
80,2,1,0,1,1,1,1,0,1,1,0,1,0,1,0,1,0,1,0,1,0,1
80,3,0,0,0,1,0,1,0,1,1,1,1,1,1,1,0,1,0,1,0,1,1
80,4,0,1,1,0,1,1,0,0,0,1,0,0,0,1,1,1,0,0,0,0,0
80,5,1,0,1,0,0,1,1,0,1,0,0,1,1,1,0,0,0,0,0,1,0
80,6,1,0,1,0,1,1,0,0,1,1,0,1,0,0,1,1,0,1,1,1,1
80,7,0,0,1,1,1,1,0,1,1,0,0,0,0,0,1,0,0,0,1,1,0
80,8,1,0,1,1,0,0,1,1,1,1,1,1,0,1,1,1,0,1,1,0,1
80,9,1,1,0,1,0,0,0,0,0,1,1,1,1,0,0,1,0,0,1,1,1
80,10,0,1,0,0,0,0,0,1,0,0,1,1,0,0,1,0,1,0,1,0,0
81,1,1,0,0,0,1,1,0,0,1,1,1,0,0,1,1,0,1,1,1,1,0
81,2,1,1,1,0,1,1,0,1,0,1,0,0,0,0,0,0,0,0,0,1,0
81,3,1,1,0,0,1,0,0,1,0,0,0,1,0,1,0,1,1,0,0,0,1
81,4,1,0,0,0,1,0,0,0,0,0,1,1,0,1,1,0,0,1,1,1,1
81,5,1,1,0,0,1,1,1,0,1,0,1,0,0,1,0,1,1,1,0,1,1
81,6,1,0,0,0,1,1,0,1,1,1,1,1,1,0,1,0,1,1,1,1,0
81,7,0,0,0,0,1,1,1,0,0,0,1,0,1,0,1,1,0,1,1,0,0
81,8,1,1,0,0,0,0,1,1,0,1,0,1,1,0,1,1,0,1,0,0,0
81,9,0,1,1,0,1,0,0,1,0,1,1,0,1,1,0,0,0,1,1,0,1
81,10,1,0,0,0,1,1,0,1,1,0,1,1,1,0,1,1,0,0,0,1,0
82,1,0,0,1,0,0,1,1,0,0,0,0,1,1,1,1,0,1,0,0,0,0
82,2,0,0,0,0,1,1,1,0,1,1,0,1,1,1,0,0,1,0,0,0,0
82,3,0,0,0,0,1,0,0,1,0,1,0,1,1,1,0,0,1,1,1,1,1
82,4,1,1,0,1,1,0,1,1,0,1,0,0,0,1,0,0,0,1,1,0,0
82,5,1,1,0,0,1,1,0,1,1,1,0,0,0,0,1,1,1,0,0,1,0
82,6,0,0,1,1,0,0,0,1,0,1,1,0,1,0,0,0,0,1,1,0,1
82,7,0,1,1,1,0,1,0,0,0,1,1,0,0,0,1,1,1,0,1,0,0
82,8,1,1,1,0,0,0,1,1,0,0,0,0,1,1,1,0,1,1,0,1,1
82,9,0,1,1,0,0,1,0,1,0,0,1,1,0,0,1,0,1,1,0,0,0
82,10,0,1,0,0,0,1,1,1,1,0,1,0,0,1,0,0,0,0,0,0,1
83,1,1,0,1,0,1,0,0,0,0,0,1,0,1,0,1,0,0,1,1,1,0
83,2,1,1,1,1,1,1,0,1,0,0,0,0,1,0,0,0,0,1,1,1,0
83,3,0,0,0,1,1,0,0,0,0,1,1,0,1,1,0,1,0,1,1,0,0
83,4,0,0,1,0,1,1,1,0,0,1,1,1,0,1,1,1,0,0,1,1,1
83,5,1,1,1,1,1,1,1,0,0,1,1,1,1,0,0,1,1,0,0,1,0
83,6,0,0,1,1,1,0,0,1,1,0,0,1,0,1,0,1,0,1,0,1,1
83,7,0,1,0,0,0,1,0,0,0,1,0,0,0,0,1,0,1,0,1,1,0
83,8,1,0,1,0,0,0,0,1,0,1,1,0,0,1,0,1,0,1,1,1,0
83,9,1,0,0,1,0,0,1,0,0,1,0,0,0,1,0,0,0,0,0,1,0
83,10,0,0,0,0,0,0,1,1,1,0,1,0,1,0,0,1,0,0,1,0,0
84,1,1,0,1,1,0,0,0,0,1,0,1,1,0,0,1,0,0,0,0,1,1
84,2,0,1,1,1,1,1,0,0,0,0,0,1,1,0,1,0,1,1,1,0,0
84,3,1,1,1,1,0,1,1,0,1,1,1,0,0,0,1,0,0,1,0,1,1
84,4,1,0,1,0,0,1,0,1,0,1,1,1,0,0,0,1,0,0,1,0,1
84,5,0,1,1,1,1,1,1,0,0,1,1,0,1,1,1,1,1,0,0,0,1
84,6,0,0,1,1,1,1,0,1,1,1,1,0,1,1,1,0,1,1,0,0,1
84,7,0,0,1,0,0,0,1,0,0,0,1,0,1,0,0,0,0,1,0,1,1
84,8,1,1,0,1,1,1,0,1,1,1,0,1,1,1,0,1,1,0,1,0,0
84,9,1,1,1,0,0,0,0,1,1,1,0,0,1,0,0,0,1,1,1,0,0
84,10,0,1,1,1,1,0,0,0,0,1,1,0,0,1,1,0,0,1,1,1,0
85,1,0,0,1,1,1,1,0,0,1,1,0,1,0,0,1,1,0,1,0,0,0
85,2,1,1,0,1,1,1,1,1,0,1,0,1,1,1,0,0,0,1,1,0,0
85,3,1,0,1,0,1,0,0,1,1,1,0,0,0,1,1,1,1,0,0,1,1
85,4,1,0,1,0,0,0,0,0,1,1,0,0,0,1,0,0,1,0,1,1,0
85,5,0,0,0,0,1,0,0,1,1,1,0,0,0,0,0,0,1,0,0,1,0
85,6,0,1,0,1,1,1,1,0,0,0,1,0,0,1,0,0,0,1,0,1,1
85,7,0,0,0,0,0,0,0,0,1,1,1,0,1,1,0,0,1,1,1,0,1
85,8,1,0,0,0,1,0,0,1,1,0,1,0,0,0,0,1,1,0,0,1,0
85,9,1,0,0,1,0,0,0,0,1,1,0,1,0,1,1,1,1,0,0,1,0
85,10,0,1,0,0,0,0,1,1,0,1,0,0,0,0,1,1,1,0,1,1,0
86,1,0,0,1,1,0,0,1,0,1,0,1,1,1,1,1,0,1,0,0,1,0
86,2,0,0,0,1,1,1,1,1,0,0,1,0,1,0,0,0,1,1,0,0,1
86,3,1,0,0,0,1,1,0,0,1,1,1,1,1,0,0,0,1,1,1,0,1
86,4,0,1,0,0,1,0,0,0,1,0,1,0,1,1,1,0,1,1,1,0,0
86,5,1,1,1,0,1,1,0,0,0,0,1,1,1,1,0,0,0,1,1,0,0
86,6,0,1,0,1,1,0,1,0,1,1,1,0,1,0,0,1,1,0,0,0,1
86,7,1,0,1,0,1,0,0,1,1,1,0,0,1,0,1,1,1,1,0,1,0
86,8,1,1,1,1,1,1,1,0,0,1,1,1,1,0,1,0,0,1,0,1,0
86,9,1,0,0,0,0,1,0,1,1,1,1,1,0,0,1,0,0,1,0,0,1
86,10,1,0,1,1,0,1,1,0,0,1,1,0,0,0,1,1,1,1,1,1,1
87,1,0,1,0,0,1,0,0,0,1,1,1,1,1,1,0,0,1,0,1,0,1
87,2,0,0,0,0,0,1,0,1,1,1,0,0,0,0,0,0,0,1,1,0,0
87,3,0,1,0,1,1,0,1,1,1,1,0,1,1,0,0,1,0,1,1,1,0
87,4,0,0,1,1,0,1,1,1,0,1,0,1,1,0,0,1,1,1,1,0,0
87,5,1,1,0,0,1,1,1,1,1,0,1,0,0,0,0,0,0,0,0,0,0
87,6,0,1,1,1,1,0,1,0,1,0,1,1,1,1,0,1,0,0,1,0,1
87,7,0,0,0,0,0,1,1,1,0,0,0,1,1,0,0,0,1,0,1,1,0
87,8,1,0,1,1,1,1,0,1,0,0,1,1,1,0,1,1,1,1,1,1,1
87,9,0,0,0,1,1,1,0,1,1,0,1,0,0,1,0,1,0,0,0,0,1
87,10,0,0,1,1,0,0,1,0,1,1,1,0,1,1,1,1,0,1,1,0,1
88,1,1,1,0,0,0,0,1,1,1,1,1,0,0,1,1,0,1,0,0,1,0
88,2,1,1,1,0,1,0,1,1,0,0,0,0,0,1,1,0,0,1,1,0,0
88,3,1,0,0,1,0,1,0,1,1,1,0,1,1,1,1,0,0,1,1,0,1
88,4,0,0,0,0,0,0,1,0,1,1,1,0,0,1,0,0,1,0,0,0,0
88,5,0,1,0,0,1,0,1,0,1,1,0,0,0,1,1,1,1,0,1,1,1
88,6,0,1,1,0,0,1,0,1,1,0,0,1,1,0,0,1,0,1,1,1,1
88,7,0,0,0,1,0,0,0,1,0,1,1,0,0,1,1,1,0,0,0,1,1
88,8,0,1,1,0,1,1,1,0,0,1,0,0,1,0,1,1,0,0,1,0,1
88,9,0,1,0,1,0,0,1,0,0,0,1,0,0,1,0,0,0,1,0,1,1
88,10,1,0,1,0,1,1,1,1,1,0,1,1,0,0,0,0,1,0,0,1,1
89,1,0,1,1,0,1,0,1,0,1,1,1,0,0,0,0,0,0,0,0,0,1
89,2,0,1,1,1,1,1,0,1,0,0,1,1,0,1,0,1,1,0,0,0,0
89,3,0,0,1,1,0,1,1,0,1,1,1,0,1,0,1,0,0,0,0,1,0
89,4,1,0,0,0,0,1,1,0,1,0,0,1,1,1,1,0,0,0,0,1,1
89,5,0,0,1,1,0,1,0,1,1,1,1,0,1,1,1,0,1,0,1,1,1
89,6,0,1,1,1,1,0,0,1,1,1,1,0,1,0,1,1,0,0,1,0,1
89,7,1,0,0,0,0,0,0,1,0,1,0,0,0,1,0,1,0,0,1,1,0
89,8,1,1,1,1,0,0,1,0,1,1,0,1,1,1,0,1,1,0,0,1,0
89,9,0,1,0,0,1,0,0,0,1,1,1,1,1,0,0,0,0,0,1,1,1
89,10,0,0,1,1,1,1,0,1,1,1,0,0,1,1,0,0,0,0,1,0,1
90,1,0,1,0,1,0,1,1,1,0,1,1,1,1,1,1,1,1,0,0,0,1
90,2,1,1,1,1,1,1,0,1,0,0,1,1,1,1,0,0,1,1,0,0,1
90,3,1,0,0,1,1,1,1,1,1,1,0,1,1,0,1,0,0,1,0,1,1
90,4,1,1,0,1,1,1,1,1,0,1,1,1,0,1,1,1,0,1,0,1,0
90,5,1,0,1,0,0,0,1,1,0,1,1,1,1,0,1,1,0,1,0,0,0
90,6,1,0,1,0,1,1,0,0,1,1,1,0,1,1,1,1,0,1,1,1,0
90,7,0,1,1,0,0,0,0,0,1,1,1,0,0,0,1,1,1,0,1,1,1
90,8,0,1,0,1,1,0,0,0,0,1,0,0,1,1,1,1,0,1,0,1,0
90,9,1,1,1,1,1,1,0,0,1,0,1,1,0,0,0,1,1,1,0,0,1
90,10,1,1,0,1,1,0,0,1,0,0,0,0,1,0,0,1,1,0,0,0,1
91,1,1,0,1,0,0,0,0,1,0,1,1,1,1,1,1,1,1,0,0,1,0
91,2,1,0,0,0,1,0,1,0,1,0,0,1,1,1,1,1,0,1,0,0,0
91,3,0,0,0,1,0,0,1,1,1,1,0,1,1,0,0,0,0,1,1,1,0
91,4,1,1,0,1,0,0,0,0,0,0,1,0,1,1,1,1,0,1,1,0,0
91,5,1,0,1,0,1,1,0,0,1,0,1,0,0,1,0,0,1,1,0,1,1
91,6,0,0,0,0,1,1,0,1,1,0,0,0,1,1,0,1,1,0,1,0,1
91,7,0,1,0,1,1,1,0,0,1,1,1,0,0,0,0,1,1,1,1,1,1
91,8,1,0,0,0,0,1,0,1,1,0,1,1,0,1,1,1,1,1,0,1,0
91,9,0,0,1,0,0,0,1,0,0,0,1,1,1,0,1,0,0,1,0,1,1
91,10,0,1,0,1,1,0,1,1,0,0,1,1,0,1,1,0,0,0,0,0,0
92,1,0,0,1,0,0,1,0,1,0,0,0,1,0,0,1,0,0,0,0,1,1
92,2,0,0,1,1,1,0,0,0,1,1,1,0,1,0,0,0,1,1,1,0,0
92,3,0,0,0,1,0,0,0,0,0,1,0,0,1,1,0,0,0,0,1,0,1
92,4,1,0,1,0,0,1,0,0,0,0,1,1,1,0,0,0,1,0,0,1,0
92,5,0,0,0,1,1,1,0,1,1,1,0,0,1,0,0,1,1,1,0,0,1
92,6,1,0,0,1,1,0,0,1,0,1,1,1,1,0,1,1,1,1,0,0,1
92,7,0,0,1,1,1,0,1,0,1,1,0,0,1,0,1,0,1,1,0,0,0
92,8,1,0,1,1,0,1,0,0,1,0,0,1,1,0,0,1,0,1,0,0,1
92,9,0,1,1,0,0,0,0,0,0,1,0,1,0,1,0,0,0,1,1,0,0
92,10,1,1,1,0,0,0,0,1,0,1,1,0,0,0,1,1,1,1,0,0,1
93,1,0,1,1,1,1,0,0,1,1,0,0,1,0,1,0,1,0,1,1,1,1
93,2,1,1,1,1,1,0,0,1,1,0,1,1,0,0,1,0,0,0,1,1,1
93,3,0,0,1,0,1,0,0,1,1,0,0,0,0,0,0,0,1,0,0,1,1
93,4,0,0,0,0,1,1,1,1,1,0,1,0,1,0,1,1,1,0,1,0,0
93,5,0,0,1,1,0,0,0,1,1,1,1,1,1,0,1,0,0,0,1,0,1
93,6,1,0,0,1,0,0,0,0,1,1,1,1,1,1,1,0,1,1,1,1,1
93,7,0,1,1,0,1,0,1,0,1,0,0,0,0,1,1,1,1,0,0,0,0
93,8,1,1,0,0,1,0,1,0,1,1,0,0,1,0,0,0,0,1,0,1,1
93,9,0,0,1,0,0,0,1,0,1,1,0,1,1,0,1,1,0,1,1,0,0
93,10,1,0,1,0,0,0,0,1,0,0,0,1,1,0,0,0,0,1,0,0,0
94,1,1,1,0,1,0,0,1,1,0,1,1,0,1,0,0,0,0,0,0,0,1
94,2,0,0,0,0,0,0,0,1,1,1,0,0,0,0,1,0,1,1,0,1,1
94,3,0,0,1,0,0,0,0,1,1,0,0,0,0,1,0,1,0,0,0,0,0
94,4,1,1,1,1,1,1,1,1,1,1,0,0,1,0,1,1,1,1,0,1,1
94,5,0,1,1,1,1,0,0,0,1,0,1,0,1,0,1,0,1,0,1,1,1
94,6,0,0,1,0,0,0,1,0,1,0,0,1,0,0,0,0,1,0,1,0,0
94,7,0,1,1,1,1,0,0,0,0,1,0,1,1,1,1,1,1,1,0,1,1
94,8,1,0,1,1,0,1,0,1,0,1,1,0,0,1,0,1,0,0,1,0,1
94,9,1,0,0,0,1,0,0,0,0,0,0,1,0,1,1,0,1,0,1,0,1
94,10,1,1,0,1,1,0,0,0,0,0,1,1,1,1,1,1,1,1,0,0,0
95,1,1,1,0,0,0,0,0,1,1,1,0,0,1,1,1,1,1,1,1,0,0
95,2,1,1,0,1,0,0,1,1,1,0,0,1,1,0,0,1,1,1,1,0,0
95,3,1,1,0,0,0,0,0,1,0,1,1,1,0,0,0,0,1,1,0,0,0
95,4,1,1,0,1,1,1,1,1,1,0,0,0,1,1,0,1,0,0,0,1,0
95,5,0,1,0,1,1,1,0,1,1,1,1,1,0,1,0,0,1,0,0,0,0
95,6,1,0,0,1,0,0,1,1,0,1,0,0,1,0,1,1,1,0,1,0,0
95,7,1,0,1,0,1,1,1,1,1,1,0,1,1,0,1,0,0,1,1,1,1
95,8,0,0,1,1,0,0,0,0,0,0,1,0,0,0,0,1,1,1,0,0,1
95,9,1,0,1,0,0,1,1,0,1,0,0,0,0,1,1,1,1,0,0,1,0
95,10,1,0,0,0,1,0,0,1,0,1,0,1,0,0,1,0,0,0,1,1,0
96,1,0,1,1,1,0,0,0,1,1,0,0,0,1,1,0,1,0,0,1,0,0
96,2,1,0,0,1,0,0,0,1,1,1,1,1,1,0,1,0,1,0,1,0,0
96,3,1,0,0,1,0,1,1,0,1,1,0,0,1,0,0,0,1,0,0,1,0
96,4,0,1,1,0,1,1,0,1,1,1,0,1,1,1,0,1,0,0,0,1,1
96,5,1,1,0,1,0,1,0,0,0,0,0,1,1,1,1,1,0,1,1,1,1
96,6,0,1,1,1,1,1,0,0,1,1,1,0,1,1,0,0,1,0,0,0,1
96,7,0,0,1,0,1,1,0,1,1,1,1,0,0,0,0,1,0,0,0,1,1
96,8,0,1,1,1,1,0,0,1,0,0,0,0,1,0,1,0,0,1,0,0,1
96,9,1,0,1,0,0,0,1,0,1,1,1,0,1,1,1,1,0,1,0,0,0
96,10,0,0,1,1,1,0,0,1,1,1,0,0,0,1,0,1,0,0,0,1,1
97,1,0,1,0,1,0,0,0,1,0,0,1,1,1,0,0,0,0,1,1,1,1
97,2,0,1,1,1,1,1,1,1,1,0,0,0,1,0,0,0,1,1,1,0,0
97,3,0,0,1,0,0,0,1,0,0,0,1,0,1,0,0,0,0,0,1,0,0
97,4,1,1,0,0,1,1,1,0,0,0,0,1,1,1,0,0,1,0,0,0,0
97,5,0,0,0,1,0,0,0,0,1,1,1,1,0,0,0,0,0,0,1,1,1
97,6,1,0,0,0,0,0,0,1,0,1,0,0,1,0,0,1,1,0,0,1,1
97,7,0,1,1,0,0,0,1,0,1,0,1,0,1,1,1,0,0,0,0,0,0
97,8,0,1,1,1,0,1,0,1,0,0,1,0,0,1,0,1,1,1,0,0,1
97,9,1,1,0,1,1,0,0,1,0,0,1,1,0,0,1,1,1,1,1,0,0
97,10,1,1,0,0,1,1,0,1,0,0,1,0,1,1,0,1,0,0,1,0,0
98,1,1,0,1,1,0,0,0,1,0,1,0,1,1,1,0,1,1,1,0,0,1
98,2,0,0,0,1,1,0,1,0,0,0,1,0,1,1,1,0,1,0,1,0,0
98,3,0,0,1,1,1,1,1,0,1,1,1,0,0,1,1,0,1,1,1,0,1
98,4,1,0,1,1,0,1,1,0,0,1,1,1,1,1,1,1,1,1,1,1,0
98,5,1,0,0,0,0,0,0,0,0,1,1,1,0,0,0,0,0,0,1,0,0
98,6,0,1,0,1,0,1,1,1,1,0,0,1,1,1,1,1,0,1,1,1,0
98,7,1,0,1,0,0,0,0,1,1,1,1,1,1,1,0,1,0,0,1,0,1
98,8,1,1,0,0,1,0,0,1,0,1,1,1,0,1,0,1,0,1,1,0,1
98,9,1,1,0,1,0,0,0,1,0,1,1,0,0,0,1,1,0,0,0,0,0
98,10,1,0,0,0,0,1,1,1,0,1,0,0,1,0,1,0,1,1,1,1,0
99,1,1,0,1,1,1,1,0,0,1,0,0,1,1,0,0,1,0,0,0,1,1
99,2,1,0,1,1,1,1,1,1,0,0,1,0,1,1,1,0,1,0,0,0,0
99,3,0,1,0,1,0,1,0,1,1,1,0,0,0,0,1,1,0,0,1,0,0
99,4,0,1,0,1,1,0,0,0,0,1,1,0,0,0,0,1,0,0,0,1,1
99,5,1,1,1,1,0,0,1,0,1,1,0,1,0,1,0,0,0,0,1,0,1
99,6,1,0,0,1,0,1,0,1,0,1,1,0,0,0,1,0,0,1,1,0,1
99,7,1,0,1,1,1,1,0,1,1,0,1,1,1,1,0,1,0,0,0,1,1
99,8,0,0,0,1,1,0,1,0,1,1,0,0,1,1,1,1,1,1,1,0,1
99,9,0,1,1,0,0,1,1,0,1,0,0,0,0,0,1,0,1,1,1,1,1
99,10,0,1,1,1,0,0,1,1,1,1,0,0,1,0,0,1,1,1,0,0,0
100,1,0,0,0,1,0,0,1,0,0,0,0,0,1,1,1,1,1,1,1,1,0
100,2,0,0,1,1,0,1,1,0,0,0,1,0,0,1,1,0,0,0,0,1,1
100,3,1,1,0,1,1,0,0,0,0,1,0,1,0,1,0,0,1,1,0,1,1
100,4,0,1,1,1,1,1,1,1,0,1,1,0,1,1,1,0,1,1,0,1,0
100,5,0,1,0,0,1,1,0,0,0,0,0,0,0,1,0,0,1,1,0,1,0
100,6,0,0,0,0,0,0,1,1,0,0,1,1,0,0,1,0,0,0,1,1,1
100,7,0,0,0,0,0,1,0,1,1,1,1,0,0,1,0,0,0,0,0,0,0
100,8,1,0,1,1,1,1,0,0,1,0,0,0,1,0,0,0,1,0,0,0,0
100,9,1,0,1,0,0,0,1,0,0,1,1,1,1,1,1,1,0,1,0,0,1
100,10,0,0,0,1,1,0,1,1,0,0,1,1,1,1,0,1,0,0,1,1,1
101,1,1,0,0,1,1,1,1,1,0,0,1,1,0,1,0,0,0,1,1,1,1
101,2,1,1,1,1,0,0,1,0,0,0,0,0,1,1,1,0,0,0,0,0,1
101,3,1,1,0,0,1,0,0,0,0,0,1,1,1,0,0,1,0,1,0,0,1
101,4,0,1,0,0,1,1,0,0,0,0,1,1,1,0,0,0,1,1,1,0,0
101,5,0,0,0,0,0,0,0,0,1,1,1,0,0,0,0,1,0,0,1,1,1
101,6,0,0,1,0,0,0,0,0,0,1,1,0,0,1,1,0,0,1,1,0,0
101,7,0,0,1,0,1,0,1,0,1,0,0,0,1,1,0,0,0,1,1,0,0
101,8,1,0,1,1,1,1,0,0,1,1,0,0,1,1,0,0,0,0,0,1,0
101,9,0,1,0,1,0,0,0,1,1,1,0,0,1,1,0,1,0,1,1,0,1
101,10,1,0,1,0,1,1,1,0,1,1,1,0,1,0,0,1,0,1,1,1,0
102,1,0,0,0,0,1,0,0,0,0,0,1,1,1,0,1,1,0,1,1,1,0
102,2,1,1,1,1,1,0,1,0,0,0,1,1,0,0,1,0,0,0,1,0,1
102,3,1,0,1,1,0,1,0,0,1,1,1,0,0,1,0,1,1,0,0,0,1
102,4,1,0,0,0,0,1,1,0,1,0,0,0,0,1,1,1,0,1,1,1,0
102,5,1,1,0,0,0,0,0,1,1,1,1,0,1,0,1,1,0,1,1,1,1
102,6,1,0,1,0,1,1,1,1,1,0,1,1,1,0,1,1,1,1,1,0,0
102,7,1,1,0,0,1,1,1,0,0,1,1,0,1,0,0,1,0,1,1,1,1
102,8,1,1,0,1,0,0,1,0,1,0,0,0,1,0,0,1,1,1,0,0,0
102,9,0,1,1,0,0,1,1,0,0,0,1,0,0,1,0,1,1,1,1,0,0
102,10,1,0,0,0,1,0,0,0,1,1,0,1,1,0,1,0,1,1,0,0,0
103,1,0,0,1,0,1,1,1,1,0,0,0,1,1,0,0,0,0,1,0,0,0
103,2,0,1,1,1,1,0,1,1,0,0,0,1,1,1,1,0,0,1,1,1,1
103,3,0,1,1,1,0,1,0,1,1,1,1,0,0,0,0,0,1,1,1,1,1
103,4,1,1,0,0,1,1,1,1,0,1,0,0,0,0,1,0,1,1,1,1,1
103,5,0,1,1,0,0,0,1,1,1,1,1,1,0,1,0,0,0,0,1,1,0
103,6,0,0,0,0,0,0,0,1,1,0,0,1,1,0,0,1,1,0,0,1,0
103,7,1,1,0,0,0,1,1,1,0,1,0,1,1,1,0,1,1,0,0,1,0
103,8,1,0,0,0,0,0,0,1,1,1,0,0,0,1,0,1,0,1,1,0,1
103,9,0,1,1,0,0,0,0,1,0,0,1,0,1,0,0,1,0,1,0,1,0
103,10,1,0,0,1,1,0,1,1,1,0,1,1,1,0,1,1,1,1,0,0,0
104,1,0,1,0,0,1,0,0,0,1,1,1,1,1,1,1,0,0,0,0,1,0
104,2,0,0,1,0,0,0,0,0,1,0,1,0,0,1,0,1,1,0,0,1,1
104,3,0,1,1,0,0,1,0,0,0,0,1,0,0,0,0,1,0,0,1,0,0
104,4,1,0,0,1,0,1,0,0,0,0,1,1,1,0,1,0,0,0,0,0,1
104,5,0,1,0,1,1,1,1,0,0,0,1,0,0,0,0,0,0,1,1,0,1
104,6,1,1,0,1,1,0,0,0,0,1,0,1,1,1,1,0,0,1,0,0,0
104,7,0,1,0,1,1,0,1,1,1,0,1,0,1,1,0,1,1,1,1,0,0
104,8,0,1,1,1,1,0,0,0,0,0,0,0,0,1,0,1,0,0,1,0,0
104,9,1,1,1,1,1,0,0,1,0,1,0,1,1,1,1,0,1,1,1,1,0
104,10,0,0,0,1,0,0,1,0,1,0,1,1,1,0,1,0,1,1,1,1,1
105,1,0,0,1,0,0,0,0,1,0,1,0,0,0,1,1,1,1,1,1,0,0
105,2,0,0,0,0,1,0,1,1,1,0,1,0,1,0,0,0,1,1,1,0,1
105,3,0,0,0,1,1,0,1,1,0,1,0,0,1,1,1,0,0,1,0,1,0
105,4,0,0,1,0,1,1,0,1,1,0,1,0,1,0,1,0,0,1,0,1,0
105,5,1,0,0,1,1,1,0,0,0,0,0,1,0,0,0,0,1,0,0,1,1
105,6,0,0,0,0,1,0,0,1,1,0,0,0,1,0,0,1,1,0,1,1,0
105,7,0,1,0,0,1,0,0,0,1,1,0,0,1,0,1,0,0,0,1,0,0
105,8,1,1,0,0,1,0,1,1,0,1,1,0,1,1,0,0,1,1,0,1,0
105,9,0,1,1,1,0,1,0,0,0,1,0,1,1,0,0,0,0,0,0,0,1
105,10,0,0,0,0,0,1,1,0,1,0,1,0,0,0,0,0,1,0,1,0,0
106,1,0,1,0,1,0,1,1,1,0,0,1,1,0,1,0,1,1,0,0,1,0
106,2,1,1,1,0,0,0,1,0,0,1,1,0,1,1,1,0,0,1,0,0,1
106,3,0,0,0,1,1,1,1,1,1,1,1,1,1,1,1,1,0,1,0,0,0
106,4,0,0,0,1,0,1,1,0,0,0,1,1,0,1,0,0,1,0,1,1,0
106,5,0,0,1,1,1,0,1,1,0,1,1,1,0,1,1,1,0,1,1,1,1
106,6,1,1,1,1,1,1,0,0,1,0,1,0,0,0,0,0,0,0,1,0,0
106,7,0,0,1,0,0,1,0,0,0,0,1,0,0,0,0,1,0,0,1,1,1
106,8,1,1,0,0,1,0,0,1,1,1,0,0,1,0,0,0,1,0,0,0,1
106,9,1,0,0,1,0,0,1,1,1,0,1,0,0,0,0,0,1,1,0,1,1
106,10,0,0,0,0,1,0,0,0,0,0,0,0,1,1,0,1,0,0,1,0,1
107,1,0,0,1,1,0,1,1,1,0,0,0,1,1,0,0,0,1,1,0,1,0
107,2,0,1,1,1,1,0,0,1,0,1,1,1,0,0,1,1,1,1,0,1,0
107,3,1,1,1,0,1,0,1,0,0,0,1,1,0,1,0,1,1,0,1,1,0
107,4,1,1,1,1,0,1,0,0,0,1,0,0,0,1,1,0,0,1,1,1,1
107,5,0,1,1,1,1,1,0,1,1,0,0,1,0,0,1,0,1,0,0,0,0
107,6,0,1,1,0,1,0,1,0,0,1,0,1,0,1,0,0,1,0,0,0,1
107,7,1,1,1,1,1,1,0,1,0,1,0,0,1,1,1,0,0,0,0,0,1
107,8,0,0,0,1,0,0,0,1,1,0,0,1,0,0,0,1,0,1,0,1,1
107,9,0,1,0,0,0,1,1,1,0,0,0,0,0,0,1,1,1,0,1,0,0
107,10,1,1,1,0,1,0,1,1,0,1,1,1,0,1,0,1,1,1,0,0,0
108,1,1,0,1,0,0,1,0,0,0,0,1,1,0,1,0,1,0,0,1,0,0
108,2,0,1,1,0,1,1,1,1,0,0,0,0,0,1,0,0,0,0,1,0,1
108,3,0,0,0,1,0,1,0,1,0,0,0,1,0,0,0,1,1,0,0,1,1
108,4,0,1,1,0,1,0,0,1,0,1,0,0,1,1,0,0,1,0,0,0,0
108,5,1,1,0,1,1,1,1,1,1,0,1,1,1,1,1,0,0,0,1,0,1
108,6,1,0,0,0,0,1,0,0,0,1,0,0,0,1,1,0,1,1,1,0,1
108,7,1,1,0,0,1,1,1,1,1,0,1,1,0,0,1,1,0,0,0,0,1
108,8,0,1,0,0,1,1,1,1,0,1,1,1,1,0,0,0,0,0,0,1,0
108,9,0,1,0,1,1,0,1,1,1,0,1,1,1,1,1,1,1,0,0,0,0
108,10,0,0,1,1,1,0,1,0,1,0,0,0,1,1,0,0,1,0,0,0,1
109,1,0,1,0,0,0,0,1,1,0,0,0,1,0,1,1,1,0,0,0,1,1
109,2,0,1,0,1,0,0,0,0,1,1,0,1,1,0,1,0,0,1,1,1,1
109,3,1,0,0,1,0,0,0,1,0,0,1,1,0,0,1,1,0,1,0,1,0
109,4,1,1,1,1,0,0,1,0,1,0,1,0,0,0,1,0,1,0,1,1,0
109,5,1,0,0,1,0,0,0,0,1,1,0,1,0,1,0,0,1,0,0,1,1
109,6,0,1,0,0,0,0,1,1,1,0,0,1,0,1,0,1,1,0,0,1,0
109,7,1,1,0,1,0,0,0,0,1,1,1,0,0,0,0,0,0,0,0,0,1
109,8,1,1,0,1,0,0,0,0,1,1,1,1,0,0,1,1,1,0,1,0,1
109,9,0,0,1,1,0,1,1,1,0,1,0,0,1,1,1,0,0,0,0,0,1
109,10,0,0,1,1,0,0,0,0,0,0,1,0,0,1,0,0,0,0,0,1,0
110,1,1,0,0,0,1,1,0,0,0,0,1,0,1,1,1,0,1,1,1,1,0
110,2,0,1,1,1,1,1,0,1,1,0,1,0,1,0,0,1,1,0,0,1,1
110,3,1,0,1,0,1,1,0,1,0,1,1,0,0,1,0,0,1,1,1,0,1
110,4,0,0,0,0,0,1,1,1,0,0,0,0,1,1,0,1,1,1,0,1,0
110,5,1,0,0,1,1,0,1,0,0,1,1,0,0,1,0,1,0,1,0,0,1
110,6,1,1,0,1,1,1,0,0,0,0,0,1,1,1,0,1,0,1,1,1,1
110,7,1,0,1,0,0,0,1,1,1,1,1,0,1,1,1,0,0,1,1,1,0
110,8,0,0,1,0,1,0,1,1,0,0,1,0,0,0,1,1,1,0,0,1,1
110,9,1,1,0,1,0,0,0,0,1,1,0,0,0,1,1,1,1,1,0,1,0
110,10,0,1,0,0,0,1,1,0,1,1,1,1,0,1,0,0,1,0,0,0,1
111,1,0,1,0,0,0,1,1,0,0,1,0,1,0,1,0,0,1,1,1,1,0
111,2,0,0,1,1,0,1,1,0,0,1,1,0,1,0,0,1,1,1,1,0,1
111,3,0,1,1,0,0,0,0,1,0,0,1,1,0,1,0,0,1,0,1,0,1
111,4,1,1,1,1,0,0,0,1,1,1,1,0,1,1,1,1,0,1,0,0,1
111,5,1,1,1,1,1,0,1,0,0,0,1,1,1,0,1,1,1,0,1,0,1
111,6,1,1,0,1,1,0,0,1,1,0,0,1,1,1,1,0,1,1,1,0,1
111,7,1,0,0,1,1,0,1,0,1,0,1,0,0,1,1,1,0,1,1,1,0
111,8,0,1,1,1,0,1,0,0,1,1,1,1,0,0,0,1,1,1,1,0,0
111,9,0,0,1,0,1,0,1,0,0,1,0,0,1,0,0,1,1,1,1,0,1
111,10,0,0,1,0,1,0,1,1,0,1,0,1,1,1,1,1,1,0,0,1,0
112,1,0,0,0,1,1,0,1,0,1,1,1,0,0,1,1,0,0,0,0,0,0
112,2,0,0,0,0,1,1,1,0,0,0,0,1,0,1,0,0,1,0,0,1,0
112,3,1,1,0,0,1,1,0,1,0,0,0,1,0,1,0,1,0,1,1,1,0
112,4,1,0,0,0,0,1,1,1,0,1,1,1,1,1,1,0,1,0,0,0,1
112,5,0,1,0,0,0,0,0,0,1,1,1,0,0,0,1,0,0,1,1,0,0
112,6,1,0,0,1,0,0,0,0,1,0,1,1,0,1,1,1,1,0,0,0,1
112,7,1,0,1,1,0,1,1,0,0,0,1,1,0,1,1,0,0,0,0,0,0
112,8,0,0,1,0,1,0,1,0,1,1,1,1,1,0,1,1,0,1,1,0,1
112,9,1,0,0,0,0,0,1,1,1,0,0,1,1,0,1,0,0,0,0,0,0
112,10,1,0,0,1,1,1,0,1,0,1,0,1,1,1,0,0,1,0,0,1,1
113,1,1,0,0,1,1,1,0,0,1,1,1,1,1,0,1,1,0,1,0,0,1
113,2,0,1,0,1,0,0,1,1,1,0,0,0,1,0,1,1,0,0,0,0,1
113,3,0,1,1,1,1,0,1,1,1,0,1,1,0,0,1,0,1,0,1,0,0
113,4,1,0,1,1,1,1,1,0,1,0,0,1,1,0,1,0,1,1,1,0,1
113,5,0,1,1,0,1,0,1,1,1,1,0,0,0,1,0,1,1,1,0,0,0
113,6,0,1,0,0,0,1,1,1,0,1,0,0,0,1,1,0,1,1,1,0,1
113,7,1,1,1,1,0,1,0,0,0,0,1,0,1,0,1,1,1,0,1,1,0
113,8,1,0,1,1,1,1,0,1,0,1,1,1,0,1,1,1,1,0,0,0,0
113,9,0,0,1,0,1,1,0,0,1,0,0,0,1,0,1,0,1,0,1,0,1
113,10,0,1,0,1,1,0,1,0,1,1,0,0,0,0,0,1,0,0,1,1,0
114,1,1,1,1,0,0,0,0,1,0,1,0,0,1,1,1,1,1,0,1,0,1
114,2,1,0,1,1,1,1,0,0,0,0,1,1,0,1,1,0,0,0,0,1,0
114,3,0,0,0,1,0,1,1,0,0,1,1,1,1,1,0,1,0,1,0,0,1
114,4,0,0,1,0,1,1,0,1,0,0,0,0,1,0,1,1,0,1,0,0,0
114,5,0,1,1,1,1,1,1,1,1,1,1,1,1,1,0,1,0,0,1,1,1
114,6,0,0,0,1,0,1,1,0,0,1,0,1,1,0,1,1,0,1,1,1,1
114,7,0,0,0,0,1,1,0,1,1,0,1,1,0,1,0,0,1,1,1,1,0
114,8,0,0,0,1,1,1,0,1,0,1,0,1,0,0,0,1,1,0,1,1,0
114,9,1,0,0,0,0,1,1,0,0,0,1,0,1,1,1,1,1,0,1,1,0
114,10,1,0,0,0,0,0,1,1,1,1,1,1,1,0,0,0,1,0,0,1,1
115,1,0,1,1,0,0,0,1,1,0,1,0,1,1,1,0,1,0,1,1,0,1
115,2,0,1,1,1,0,0,1,0,0,0,0,1,1,0,1,1,1,1,1,0,0
115,3,1,0,1,1,1,0,0,1,1,1,0,0,0,1,1,0,0,0,1,0,0
115,4,1,0,1,0,0,1,1,1,0,1,1,1,1,0,1,1,1,0,0,0,0
115,5,0,1,0,1,1,1,0,0,0,1,1,1,0,0,1,1,1,1,0,1,1
115,6,1,0,1,1,1,1,1,0,1,1,1,0,0,0,0,0,1,0,0,1,0
115,7,0,1,0,1,0,1,0,1,0,0,0,1,1,0,1,1,0,0,0,1,1
115,8,0,0,1,1,1,0,0,0,0,1,0,0,1,1,1,0,0,1,1,0,1
115,9,1,0,1,0,0,1,0,1,1,0,1,1,1,0,1,0,1,0,1,0,1
115,10,0,1,0,0,1,1,0,0,1,0,1,1,0,1,1,1,0,0,0,1,0
116,1,1,0,1,0,1,0,0,1,0,1,1,0,0,1,1,0,1,1,0,0,1
116,2,0,1,0,1,1,0,0,0,1,0,1,1,0,0,1,1,0,1,0,0,1
116,3,0,0,1,0,0,1,0,1,1,1,1,0,1,0,1,0,1,1,0,1,1
116,4,0,1,0,0,1,1,0,1,1,0,1,1,0,1,0,0,0,0,0,0,0
116,5,1,0,0,1,1,1,0,0,1,0,1,0,0,1,0,0,1,1,0,1,0
116,6,1,1,0,0,0,1,1,1,0,0,0,1,0,0,0,0,1,1,0,1,0
116,7,0,1,0,1,1,0,1,1,0,1,0,0,1,0,1,0,1,1,1,0,1
116,8,1,1,1,0,1,1,1,0,0,1,1,0,1,1,0,0,0,1,1,1,1
116,9,1,1,1,0,0,1,1,1,1,0,0,0,0,1,1,0,1,1,0,0,1
116,10,1,0,1,1,1,0,0,0,0,1,1,1,1,1,0,1,1,0,1,0,0
117,1,0,1,0,0,0,1,1,0,1,0,0,0,0,0,1,1,1,1,1,1,1
117,2,0,1,1,1,0,1,1,1,1,1,0,1,1,0,1,0,1,0,1,1,0
117,3,1,1,1,1,1,0,1,1,1,1,0,1,0,0,1,0,0,1,1,1,0
117,4,1,1,0,0,0,0,1,0,0,1,1,1,0,1,0,1,1,1,0,1,0
117,5,0,0,0,0,0,1,1,1,0,0,0,1,0,0,0,1,1,0,0,1,0
117,6,0,1,1,1,0,1,1,1,0,0,1,1,1,0,1,0,0,0,0,1,0
117,7,0,1,0,1,1,1,0,1,0,1,0,1,0,0,1,0,1,1,0,0,0
117,8,0,0,1,1,1,0,0,0,0,1,1,0,0,1,0,1,1,0,0,1,1
117,9,0,0,1,1,1,1,1,0,0,1,0,0,0,0,0,0,0,0,0,0,0
117,10,1,0,0,0,1,0,1,0,0,0,0,0,1,1,1,0,1,0,0,1,0
118,1,1,1,0,1,0,1,0,1,0,0,1,0,1,1,1,0,1,0,1,0,1
118,2,0,1,1,0,0,1,1,0,1,0,0,1,1,1,1,0,1,1,1,0,0
118,3,0,1,0,0,1,1,1,1,0,1,0,1,0,1,1,0,0,0,0,1,1
118,4,0,0,0,1,0,1,1,1,0,0,1,0,0,1,0,1,0,0,0,1,0
118,5,0,0,0,0,1,1,0,1,1,1,1,0,1,0,0,1,0,0,0,1,0
118,6,0,1,0,1,1,1,1,0,0,1,0,1,0,0,1,0,0,0,0,1,0
118,7,0,0,1,1,1,0,0,1,0,0,0,0,1,0,1,0,1,0,1,1,1
118,8,1,1,1,0,0,1,1,1,0,1,0,0,0,1,1,1,1,0,0,0,0
118,9,1,0,1,0,1,0,1,0,0,0,0,1,1,1,1,0,0,1,1,1,0
118,10,1,1,1,0,0,0,0,0,0,0,0,1,0,0,0,0,1,1,1,0,0
119,1,0,0,0,0,0,0,1,0,1,0,1,0,0,1,1,0,0,1,1,1,1
119,2,1,1,1,0,1,0,0,1,1,1,1,0,1,0,1,0,1,1,0,0,0
119,3,0,1,1,1,1,1,0,0,1,1,0,0,0,0,1,0,0,0,1,0,0
119,4,1,1,1,0,1,0,1,0,0,1,0,0,1,0,0,1,1,0,0,0,1
119,5,1,1,0,1,0,0,1,0,1,0,0,0,1,1,1,1,0,0,0,0,0
119,6,1,1,1,0,1,1,0,0,0,1,1,0,1,1,1,0,0,1,0,0,0
119,7,1,0,1,0,0,1,0,1,0,1,1,1,0,1,1,0,1,0,1,0,1
119,8,1,1,0,0,0,1,1,1,1,0,0,0,0,0,1,1,1,1,1,1,0
119,9,0,1,1,0,1,0,0,0,0,1,1,0,1,0,1,1,0,1,0,1,0
119,10,1,0,0,0,0,0,0,0,1,1,0,0,0,1,0,0,1,0,1,1,0
120,1,0,1,0,0,1,0,0,0,1,1,1,1,1,1,1,1,0,0,0,1,1
120,2,0,1,0,1,1,1,1,0,0,1,1,0,1,0,0,1,1,1,0,0,0
120,3,1,0,0,1,0,1,0,0,1,1,0,1,1,0,1,0,1,1,0,0,0
120,4,0,1,0,0,1,0,0,1,0,1,1,1,0,1,0,1,0,1,1,1,1
120,5,0,0,0,0,0,1,0,1,1,1,1,1,1,0,0,0,1,0,0,0,1
120,6,1,0,1,0,1,1,1,0,1,0,1,1,1,0,0,1,1,1,0,1,0
120,7,1,0,1,1,1,0,1,0,0,0,1,1,1,1,0,0,0,1,0,1,1
120,8,0,1,0,1,1,1,0,0,0,1,0,0,1,0,1,1,0,1,1,1,0
120,9,1,1,1,1,1,0,0,0,0,1,0,1,1,0,0,1,0,0,0,0,0
120,10,0,1,1,1,1,0,1,0,1,0,1,1,0,1,0,1,0,1,1,1,0
121,1,0,0,0,0,1,0,1,1,1,0,0,1,0,0,0,0,0,1,0,0,0
121,2,1,0,0,1,0,1,1,1,0,0,1,0,1,0,1,0,1,1,1,1,1
121,3,1,0,1,0,1,1,0,0,0,0,0,1,1,1,0,1,1,1,0,1,0
121,4,1,0,1,0,0,0,1,0,0,0,0,0,1,1,0,0,1,1,0,1,1
121,5,1,0,1,0,0,1,1,0,0,1,1,0,0,1,0,0,0,1,1,0,0
121,6,0,0,0,1,1,0,0,1,0,0,0,1,1,1,0,0,0,0,1,1,1
121,7,0,0,0,1,1,0,1,0,1,0,0,0,1,1,1,1,1,0,0,1,1
121,8,0,0,0,0,1,0,1,0,1,0,1,1,1,0,0,1,0,1,1,1,1
121,9,0,1,0,0,0,0,0,1,0,1,1,1,1,0,1,0,0,0,0,0,1
121,10,1,1,0,0,1,0,1,1,0,1,1,1,1,0,0,0,1,0,1,1,0
122,1,0,1,1,0,1,0,1,1,1,0,1,0,0,1,0,1,0,1,1,0,1
122,2,1,0,1,0,0,1,1,1,0,1,1,0,1,1,0,1,1,1,0,0,0
122,3,1,0,1,0,1,0,1,0,1,0,0,1,1,0,1,1,1,0,1,1,0
122,4,0,0,1,1,1,1,0,0,0,0,0,0,0,1,0,1,0,1,1,0,0
122,5,1,0,0,0,1,1,1,0,1,1,0,1,1,0,1,0,0,1,1,0,1
122,6,0,1,1,1,1,0,1,0,0,1,1,1,1,0,0,1,0,0,0,1,1
122,7,1,1,0,0,0,0,1,0,0,0,0,0,1,1,0,0,1,0,1,1,0
122,8,0,1,0,1,1,0,0,0,0,0,0,1,1,1,1,0,0,1,0,1,1
122,9,1,0,0,0,0,0,1,0,0,0,0,0,1,0,0,0,1,1,0,0,0
122,10,1,1,1,1,1,0,0,1,0,0,0,1,0,1,0,1,0,0,0,0,1
123,1,1,0,0,1,0,1,0,1,0,1,1,1,0,0,1,0,1,0,1,0,0
123,2,0,1,0,1,0,1,0,0,0,0,0,0,0,1,1,0,1,1,0,0,1
123,3,1,1,1,1,0,1,0,1,1,0,1,0,0,1,0,1,1,0,1,1,1
123,4,1,0,0,1,0,0,0,0,0,1,1,0,0,0,1,0,1,0,0,1,0
123,5,0,1,0,0,0,0,1,1,0,1,1,0,1,1,1,1,0,0,1,0,1
123,6,1,0,1,0,1,1,0,1,1,0,0,0,1,1,0,1,1,0,1,1,0
123,7,0,1,0,1,0,1,1,1,1,1,0,0,1,0,1,1,1,0,0,1,0
123,8,1,0,1,0,0,0,0,1,0,0,0,1,0,0,1,1,0,0,1,1,0
123,9,0,0,1,1,0,0,0,0,1,1,0,1,1,0,0,0,1,0,1,1,0
123,10,0,1,1,1,1,0,0,0,1,1,1,1,1,0,0,1,0,0,0,1,0
124,1,1,1,0,0,1,0,1,0,0,1,1,1,1,1,1,0,0,1,1,0,0
124,2,1,0,1,0,0,0,0,0,0,0,1,0,1,1,0,0,1,1,0,1,0
124,3,0,0,1,1,0,0,0,1,1,0,0,1,1,0,0,1,0,1,0,1,0
124,4,0,0,1,1,1,0,0,0,1,0,0,0,1,0,0,0,0,1,0,1,0
124,5,0,1,1,0,1,1,1,0,0,1,1,0,0,1,1,0,0,0,0,0,0
124,6,0,1,0,0,1,0,1,0,1,0,0,0,0,0,1,1,1,0,1,1,0
124,7,1,1,0,0,0,0,1,0,1,0,1,1,0,0,0,0,0,1,0,0,0
124,8,1,0,1,1,0,0,1,1,0,0,0,0,0,0,0,0,1,1,1,0,0
124,9,1,1,0,1,1,0,1,0,0,0,0,1,1,0,1,0,0,0,1,0,1
124,10,0,1,1,0,0,0,0,0,0,1,0,1,1,1,0,0,1,1,0,0,0
125,1,1,0,1,1,1,1,1,0,1,1,1,1,1,1,0,0,1,0,0,0,0
125,2,0,1,1,0,1,1,0,1,1,1,1,0,1,0,0,1,0,1,0,1,0
125,3,0,1,1,0,1,1,0,1,1,0,0,1,1,1,1,1,1,1,1,0,1
125,4,1,0,0,1,0,0,0,1,0,1,1,0,1,1,1,0,0,1,0,0,0
125,5,1,0,0,1,0,1,1,0,0,0,1,0,1,1,0,0,1,1,0,0,1
125,6,1,1,0,0,1,0,1,1,0,0,0,0,0,0,1,0,0,0,1,1,0
125,7,1,0,1,0,1,1,0,1,1,1,1,1,0,1,1,1,1,1,0,1,1
125,8,0,1,0,1,1,0,1,0,0,1,1,1,1,0,0,0,1,1,0,1,0
125,9,0,1,1,1,1,1,0,0,0,0,0,0,0,1,0,0,0,1,0,0,0
125,10,0,1,1,1,1,1,1,1,1,1,0,1,0,1,0,1,0,1,0,1,0
126,1,1,0,0,0,0,1,0,1,0,0,1,0,1,1,1,0,1,1,1,1,0
126,2,0,1,0,0,0,0,0,1,1,0,1,1,0,0,1,1,0,1,0,0,1
126,3,1,1,0,0,1,0,0,1,0,1,1,1,1,0,0,0,0,0,1,1,0
126,4,1,1,0,1,0,1,0,1,1,1,1,1,0,0,1,0,1,0,1,0,1
126,5,0,1,0,0,0,0,0,0,0,0,0,1,1,1,0,0,1,1,0,0,1
126,6,1,1,0,0,0,1,1,0,0,1,0,1,1,0,1,0,1,1,0,0,0
126,7,1,1,1,0,1,1,1,1,0,1,0,0,0,1,1,0,0,1,0,0,1
126,8,1,0,0,1,1,1,1,1,0,0,0,0,0,1,0,0,1,1,0,0,1
126,9,0,0,1,1,0,0,0,1,1,0,0,0,0,1,0,0,0,0,1,1,0
126,10,1,0,1,1,0,1,0,0,1,1,1,0,0,1,0,0,0,1,0,0,0
127,1,0,0,0,1,1,0,0,1,0,1,0,1,0,0,1,1,0,0,1,0,0
127,2,1,0,0,1,1,1,1,1,0,0,0,1,0,1,1,1,0,1,1,1,0
127,3,1,0,0,1,0,1,0,0,1,0,0,0,0,0,0,1,0,0,1,0,1
127,4,0,1,0,1,1,1,0,1,0,0,1,0,1,1,1,1,1,1,1,1,1
127,5,0,0,1,1,1,1,1,1,1,1,0,0,1,1,0,0,1,1,1,0,0
127,6,0,1,1,0,0,0,0,0,0,1,0,0,0,1,1,1,0,1,1,0,0
127,7,0,0,1,0,0,1,1,0,0,1,0,1,1,0,1,1,0,1,1,1,0
127,8,0,0,1,1,1,0,0,1,0,0,0,1,1,0,1,0,0,0,1,1,0
127,9,0,0,0,1,0,0,0,1,0,0,0,0,1,1,0,0,0,0,1,0,1
127,10,0,1,0,0,1,0,0,1,0,1,0,0,1,0,0,0,1,1,1,1,1
128,1,0,0,1,1,0,1,0,1,1,1,1,1,1,1,1,0,0,0,0,1,0
128,2,1,0,0,0,1,0,1,0,1,0,1,0,0,0,0,1,1,0,1,0,0
128,3,0,1,0,0,1,1,0,0,1,1,1,0,0,1,1,0,0,1,1,0,0
128,4,0,0,1,0,1,1,0,1,1,0,1,0,0,0,0,1,0,0,0,0,1
128,5,0,0,1,0,0,0,0,1,0,1,1,0,1,1,0,0,1,0,1,0,1
128,6,1,0,0,0,1,1,0,0,0,0,1,1,1,1,0,0,0,1,0,0,0
128,7,1,0,0,1,0,1,0,0,1,1,0,0,1,0,1,1,0,0,1,0,1
128,8,0,1,0,0,0,1,1,0,0,0,0,0,1,1,1,0,1,0,0,0,1
128,9,0,0,0,1,0,0,1,1,0,1,1,1,1,1,1,0,0,1,1,0,0
128,10,0,0,0,0,0,0,0,0,1,1,1,0,1,0,0,0,1,0,0,0,1
